scenario;region;subsector;1990;2005;2010;2015;2020;2025;2030;2035;2040;2045;2050;Units
CO2B;Alaska grid;AK;0.0108474;0.0171245;0.0171345;0.0164115;0.00784143;0.00806452;0.0108665;0.0135821;0.0170493;0.0251236;0.0361586;EJ
CO2B;Alaska grid;AK;0.00569657;0.00899306;0.00899831;0.00861863;0.00411798;0.00423514;0.00570659;0.00713272;0.00895358;0.0131938;0.0189889;EJ
CO2B;Alaska grid;AK;8.62563E-05;0.000136171;0.00013625;0.000130501;6.23536E-05;6.41275E-05;0.000086408;0.000108002;0.000135573;0.000199778;0.000287526;EJ
CO2B;Alaska grid;AK;0.000621045;0.000980431;0.000981003;0.00093961;0.000448946;0.000461718;0.000622138;0.000777615;0.000976126;0.0014384;0.00207019;EJ
CO2B;Alaska grid;electricity;0.0172513;0.0272342;0.0272501;0.0261003;0.0124707;0.0128255;0.0172816;0.0216004;0.0271146;0.0399556;0.0575052;EJ
CO2B;California grid;CA;0.322906;0.433815;0.437179;0.43526;0.377923;0.395845;0.457888;0.552147;0.671459;0.933198;1.28197;EJ
CO2B;California grid;CA;0.169576;0.227821;0.229587;0.22858;0.198469;0.207881;0.240463;0.289964;0.352621;0.490075;0.673234;EJ
CO2B;California grid;CA;0.00256768;0.00344962;0.00347636;0.0034611;0.00300517;0.00314768;0.00364104;0.00439057;0.00533931;0.00742061;0.010194;EJ
CO2B;California grid;CA;0.0184873;0.0248372;0.0250298;0.0249199;0.0216372;0.0226633;0.0262155;0.0316121;0.0384431;0.0534284;0.0733966;EJ
CO2B;California grid;electricity;0.513537;0.689923;0.695272;0.692221;0.601035;0.629537;0.728207;0.878113;1.06786;1.48412;2.03879;EJ
CO2B;Central East grid;IN;0.228022;0.29706;0.286143;0.233337;0.268752;0.291046;0.300953;0.309335;0.364734;0.477106;0.610694;EJ
CO2B;Central East grid;IN;0.136272;0.180175;0.172961;0.144314;0.163977;0.176009;0.182537;0.179708;0.194694;0.238597;0.299774;EJ
CO2B;Central East grid;IN;0.00164567;0.00185997;0.00070919;0.00229013;0.0023281;0.00247611;0.00257447;0.00275333;0.00305292;0.0037839;0.0047252;EJ
CO2B;Central East grid;IN;0.0137628;0.0100433;0.0176069;0.0169528;0.0173798;0.0181888;0.018642;0.0194127;0.0210913;0.0236435;0.029524;EJ
CO2B;Central East grid;KY;0.170908;0.224373;0.23409;0.211492;0.198905;0.208246;0.175968;0.155237;0.16826;0.205472;0.254293;EJ
CO2B;Central East grid;KY;0.096288;0.130042;0.135082;0.106732;0.114827;0.127966;0.148365;0.171523;0.205632;0.272733;0.346339;EJ
CO2B;Central East grid;KY;0.00100014;0.000916386;0.00502413;0.00217572;0.00246788;0.00268266;0.00299702;0.00315923;0.00361794;0.00461517;0.00588017;EJ
CO2B;Central East grid;KY;0.00734733;0.0201171;0.00991006;0.00683585;0.00810117;0.00935719;0.0113205;0.0130141;0.0158303;0.022835;0.0292052;EJ
CO2B;Central East grid;MI;0.241349;0.305198;0.28439;0.281104;0.300731;0.318408;0.42526;0.515791;0.575028;0.716874;0.907304;EJ
CO2B;Central East grid;MI;0.0938353;0.111871;0.110506;0.125318;0.118135;0.11856;0.122741;0.142115;0.160339;0.193256;0.242998;EJ
CO2B;Central East grid;MI;0.00350445;0.0068515;0.00145888;0.00176247;0.00194541;0.00210437;0.00232542;0.00245828;0.00280332;0.00356247;0.00454197;EJ
CO2B;Central East grid;MI;0.0220257;0.036668;0.0301152;0.0189248;0.0198304;0.0211267;0.0226496;0.0239017;0.0267177;0.0325358;0.0410915;EJ
CO2B;Central East grid;OH;0.302803;0.375633;0.351891;0.271903;0.288483;0.317009;0.365014;0.404571;0.452673;0.561575;0.698613;EJ
CO2B;Central East grid;OH;0.157382;0.194036;0.17795;0.156912;0.154689;0.162883;0.16742;0.167442;0.179132;0.21442;0.267311;EJ
CO2B;Central East grid;OH;0.00165937;0.00148538;0.00318295;0.00289479;0.00290934;0.00308731;0.00319263;0.00341967;0.00378008;0.00466784;0.00581531;EJ
CO2B;Central East grid;OH;0.0126291;0.0126425;0.018136;0.0226134;0.0238794;0.0256336;0.0271188;0.0285403;0.0319067;0.041722;0.052372;EJ
CO2B;Central East grid;WV;0.169693;0.210752;0.188016;0.18202;0.190267;0.202632;0.164693;0.137638;0.150404;0.185263;0.234022;EJ
CO2B;Central East grid;WV;0.100604;0.12593;0.10959;0.0863326;0.103315;0.116895;0.130902;0.138801;0.158797;0.208133;0.264089;EJ
CO2B;Central East grid;WV;0.00103894;0.000122798;0.000316296;0.000258879;0.000266262;0.000283831;0.000296555;0.000316692;0.000352069;0.000437521;0.0005464;EJ
CO2B;Central East grid;WV;0.00794475;0.0014286;0.00121028;0.00222342;0.00221164;0.00226058;0.00224911;0.00230301;0.00241966;0.00214531;0.00267251;EJ
CO2B;Central East grid;electricity;1.76971;2.24721;2.13829;1.8764;1.9834;2.12686;2.27722;2.42144;2.72127;3.41338;4.30181;EJ
CO2B;Central Northeast grid;IL;0.360721;0.522778;0.539101;0.524715;0.70563;0.748878;0.865033;0.935724;1.03821;1.27594;1.58026;EJ
CO2B;Central Northeast grid;IL;0.123054;0.186783;0.200863;0.180994;0.221664;0.233621;0.24708;0.26236;0.301035;0.363733;0.464006;EJ
CO2B;Central Northeast grid;IL;0.00195618;0.0026127;0.00202986;0.00232037;0.00301665;0.00320719;0.00343982;0.00357612;0.00402058;0.00491475;0.00626356;EJ
CO2B;Central Northeast grid;IL;0.0164336;0.0184737;0.0182438;0.0205651;0.0243688;0.0253009;0.0261443;0.0267271;0.0290166;0.0302428;0.0384121;EJ
CO2B;Central Northeast grid;MO;0.110565;0.179545;0.176803;0.164408;0.20963;0.228264;0.230795;0.240142;0.285849;0.334795;0.458022;EJ
CO2B;Central Northeast grid;MO;0.104298;0.156664;0.158564;0.144498;0.208104;0.225783;0.254047;0.271217;0.31066;0.391781;0.50281;EJ
CO2B;Central Northeast grid;MO;0.00152349;0.0014254;0.00186566;0.00120468;0.00167258;0.0018163;0.0020639;0.0022286;0.00258892;0.0032445;0.00419552;EJ
CO2B;Central Northeast grid;MO;0.00962499;0.0100022;0.0143691;0.00749945;0.0109557;0.0120088;0.0137602;0.0148915;0.0174912;0.0234541;0.0303066;EJ
CO2B;Central Northeast grid;WI;0.099485;0.131991;0.134942;0.122782;0.149938;0.160216;0.140427;0.123789;0.148712;0.198806;0.275137;EJ
CO2B;Central Northeast grid;WI;0.0723925;0.0946984;0.0874;0.100885;0.129628;0.137887;0.148101;0.148945;0.161737;0.194776;0.248092;EJ
CO2B;Central Northeast grid;WI;0.00105899;0.0025962;0.00287024;0.00293106;0.00378102;0.00402055;0.00432675;0.00452989;0.00510166;0.00622984;0.00793678;EJ
CO2B;Central Northeast grid;WI;0.00661973;0.0192911;0.0161007;0.0184194;0.0256614;0.0278074;0.0308748;0.0327905;0.0378125;0.0499045;0.0637315;EJ
CO2B;Central Northeast grid;electricity;0.907732;1.32686;1.35315;1.29122;1.69405;1.80881;1.96609;2.06692;2.34223;2.87782;3.67917;EJ
CO2B;Central Northwest grid;IA;0.0685927;0.10196;0.127008;0.124799;0.129869;0.1413;0.155236;0.161664;0.183256;0.221046;0.274307;EJ
CO2B;Central Northwest grid;IA;0.0444723;0.0604826;0.079813;0.0688615;0.071888;0.0776198;0.0812123;0.0780617;0.0837777;0.0975078;0.119212;EJ
CO2B;Central Northwest grid;IA;0.000700548;0.00117512;0.00106915;0.000759456;0.000797525;0.000873882;0.000954059;0.000995028;0.0011257;0.00147385;0.00179001;EJ
CO2B;Central Northwest grid;IA;0.00461936;0.00783381;0.00878183;0.010677;0.0107245;0.0111079;0.0114641;0.011619;0.0122651;0.00761932;0.00948477;EJ
CO2B;Central Northwest grid;MN;0.108172;0.130744;0.12791;0.12892;0.132142;0.14384;0.172071;0.174831;0.203553;0.279308;0.34873;EJ
CO2B;Central Northwest grid;MN;0.0490476;0.0598591;0.0577772;0.0698879;0.0684042;0.0706531;0.068804;0.0666716;0.0763242;0.0961956;0.117703;EJ
CO2B;Central Northwest grid;MN;0.000791455;0.00144463;0.0021224;0.00218927;0.00226232;0.00242069;0.0025254;0.00254086;0.00279476;0.00358855;0.00438057;EJ
CO2B;Central Northwest grid;MN;0.00662108;0.0114932;0.0125736;0.00800428;0.00783585;0.008109;0.00895304;0.00927133;0.0109107;0.0191036;0.0242788;EJ
CO2B;Central Northwest grid;ND;0.0617405;0.0755087;0.0800012;0.0875451;0.0919614;0.0978084;0.0909066;0.0957699;0.107294;0.140069;0.171998;EJ
CO2B;Central Northwest grid;ND;0.0460597;0.0538462;0.0560418;0.0582525;0.0638664;0.070604;0.0776134;0.078506;0.0889107;0.124207;0.155584;EJ
CO2B;Central Northwest grid;ND;0.000553538;0;7.74962E-05;0.000323681;0.000327941;0.000353753;0.000388689;0.000417348;0.000494644;0.00067996;0.000877961;EJ
CO2B;Central Northwest grid;ND;0.00373744;0.000272704;0.00230238;0.00394494;0.00394831;0.00407092;0.00419285;0.00426997;0.00458152;0.00341582;0.00436889;EJ
CO2B;Central Northwest grid;NE;0.0595541;0.0831658;0.0967211;0.103563;0.110826;0.124542;0.13727;0.14518;0.169036;0.244453;0.302183;EJ
CO2B;Central Northwest grid;NE;0.0221591;0.0357435;0.0412003;0.0438783;0.0488975;0.0566579;0.0731206;0.0895289;0.108878;0.155901;0.192546;EJ
CO2B;Central Northwest grid;NE;0.000409528;0.000442809;0.000287686;0.000189889;0.000214411;0.000244255;0.00030364;0.000338336;0.000421176;0.000576638;0.000726685;EJ
CO2B;Central Northwest grid;NE;0.00265733;0.00260784;0.00150239;0.0024997;0.00347933;0.00460339;0.00553401;0.0060195;0.0074852;0.0137869;0.0163274;EJ
CO2B;Central Northwest grid;SD;0.0194122;0.0186498;0.0296035;0.0270258;0.0302347;0.0307559;0.0313612;0.0325201;0.0335298;0.0320341;0.0347898;EJ
CO2B;Central Northwest grid;SD;0.00498383;0.00539754;0.00739299;0.0069165;0.00691347;0.00712889;0.0074349;0.00755923;0.00796923;0.00771027;0.00943513;EJ
CO2B;Central Northwest grid;SD;6.94048E-05;0.000197904;0.000110995;0.000289783;0.000334203;0.000387447;0.000494681;0.00055876;0.000703487;0.000972091;0.00122628;EJ
CO2B;Central Northwest grid;SD;0.000541006;0.00126782;0.00124739;0.00188912;0.00235411;0.00292504;0.00345457;0.0037426;0.0046439;0.00857019;0.010351;EJ
CO2B;Central Northwest grid;electricity;0.504895;0.652093;0.733544;0.750417;0.787281;0.856006;0.933295;0.970066;1.10795;1.45822;1.8003;EJ
CO2B;Central Southwest grid;KS;0.105472;0.150733;0.16475;0.15516;0.147309;0.156796;0.173296;0.192877;0.219115;0.278686;0.377008;EJ
CO2B;Central Southwest grid;KS;0.0293783;0.0302056;0.0279105;0.0189608;0.0174497;0.0185793;0.0209484;0.0230549;0.025648;0.0227308;0.0299651;EJ
CO2B;Central Southwest grid;KS;0.000277254;0.000119914;0.000206594;0.000126393;0.000110055;0.000119567;0.000138789;0.000155093;0.000174616;0.000218665;0.000283885;EJ
CO2B;Central Southwest grid;KS;0.00323147;0.00523555;0.00167453;0.00699024;0.00612923;0.00654773;0.00731942;0.00800913;0.00889448;0.00901047;0.011991;EJ
CO2B;Central Southwest grid;OK;0.085084;0.128715;0.134922;0.138455;0.106102;0.111787;0.120911;0.130849;0.146744;0.19092;0.252842;EJ
CO2B;Central Southwest grid;OK;0.0706932;0.116549;0.129464;0.135233;0.115631;0.122469;0.133557;0.146952;0.166485;0.223886;0.300805;EJ
CO2B;Central Southwest grid;OK;0.00123801;0.00210221;0.00217634;0.00220838;0.00190502;0.00201615;0.00220069;0.00241912;0.00273463;0.00351555;0.00472456;EJ
CO2B;Central Southwest grid;OK;0.00767841;0.0107637;0.0154826;0.00982013;0.00837931;0.00882946;0.00952486;0.0105252;0.0120521;0.0178759;0.0240699;EJ
CO2B;Central Southwest grid;electricity;0.303052;0.444424;0.476587;0.466955;0.403015;0.427144;0.467897;0.514842;0.581848;0.746843;1.00169;EJ
CO2B;Florida grid;FL;0.291153;0.489432;0.51457;0.534768;0.527862;0.54437;0.503176;0.544377;0.577552;0.640409;0.794961;EJ
CO2B;Florida grid;FL;0.152901;0.257028;0.27023;0.280837;0.27721;0.285879;0.264246;0.285883;0.303305;0.336315;0.417479;EJ
CO2B;Florida grid;FL;0.00231519;0.00389187;0.00409176;0.00425237;0.00419746;0.00432872;0.00400116;0.00432878;0.00459258;0.00509241;0.00632137;EJ
CO2B;Florida grid;FL;0.0166694;0.0280214;0.0294607;0.0306171;0.0302217;0.0311668;0.0288083;0.0311672;0.0330666;0.0366653;0.0455139;EJ
CO2B;Florida grid;electricity;0.463038;0.778373;0.818352;0.850474;0.839492;0.865745;0.800231;0.865756;0.918516;1.01848;1.26427;EJ
CO2B;Hawaii grid;HI;0.0228011;0.0244049;0.0240449;0.0226419;0.0241671;0.0236547;0.0220298;0.0219835;0.0232616;0.027006;0.03657;EJ
CO2B;Hawaii grid;HI;0.0119741;0.0128164;0.0126273;0.0118905;0.0126915;0.0124224;0.0115691;0.0115448;0.012216;0.0141824;0.019205;EJ
CO2B;Hawaii grid;HI;0.00018131;0.000194063;0.0001912;0.000180044;0.000192172;0.000188098;0.000175177;0.000174809;0.000184971;0.000214747;0.000290797;EJ
CO2B;Hawaii grid;HI;0.00130543;0.00139726;0.00137664;0.00129632;0.00138364;0.0013543;0.00126127;0.00125862;0.00133179;0.00154618;0.00209374;EJ
CO2B;Hawaii grid;electricity;0.036262;0.0388127;0.03824;0.0360088;0.0384344;0.0376195;0.0350354;0.0349617;0.0369943;0.0429494;0.0581595;EJ
CO2B;Mid-Atlantic grid;DC;0;0;0;5.90985E-05;3.80298E-05;6.22506E-05;0.000125376;0.000161398;0.000233536;0.000339379;0.000506617;EJ
CO2B;Mid-Atlantic grid;DC;0.00152164;0.000935204;0;5.90985E-05;0.000127052;0.00019048;0.000261189;0.00033527;0.000402865;0.000502847;0.000639616;EJ
CO2B;Mid-Atlantic grid;DC;0;0;0.000489698;0;0;0;0;0;0;0;0;EJ
CO2B;Mid-Atlantic grid;DC;0.00038041;0.000233802;0.000489697;0;0;0;0;0;0;0;0;EJ
CO2B;Mid-Atlantic grid;DE;0.00997114;0.00994564;0.00760194;0.00537546;0.00378505;0.00371025;0.00345227;0.00272712;0.00286032;0.00355978;0.00483774;EJ
CO2B;Mid-Atlantic grid;DE;0.0175378;0.0156738;0.0129634;0.0172376;0.0164121;0.0163476;0.0168689;0.0183596;0.0193785;0.0218494;0.0266377;EJ
CO2B;Mid-Atlantic grid;DE;0.000312313;0.000340109;0.000282899;0.00034999;0.000367352;0.000394621;0.000458178;0.000534529;0.000619899;0.000781297;0.000980325;EJ
CO2B;Mid-Atlantic grid;DE;0.00316888;0.00259002;0.00219539;0.00255563;0.00267728;0.00287491;0.00332418;0.00387732;0.00449833;0.00571029;0.00716695;EJ
CO2B;Mid-Atlantic grid;MD;0.0558954;0.116956;0.107399;0.102507;0.104006;0.111185;0.119822;0.112255;0.119405;0.171484;0.238916;EJ
CO2B;Mid-Atlantic grid;MD;0.0579655;0.0731097;0.0545349;0.0358973;0.0437011;0.0509572;0.0665605;0.0849944;0.105975;0.144226;0.179015;EJ
CO2B;Mid-Atlantic grid;MD;0.000823634;0.000546915;0.000958195;0.000307791;0.000325383;0.000351137;0.000412512;0.000482975;0.000560685;0.00070467;0.000879309;EJ
CO2B;Mid-Atlantic grid;MD;0.00738569;0.00621175;0.00340068;0.00257963;0.00272518;0.00291932;0.00337657;0.00390502;0.00449077;0.00525534;0.00652675;EJ
CO2B;Mid-Atlantic grid;NJ;0.105027;0.142282;0.151325;0.152713;0.162924;0.169602;0.182497;0.194059;0.205294;0.242997;0.298424;EJ
CO2B;Mid-Atlantic grid;NJ;0.0319772;0.0598384;0.0737044;0.104954;0.100195;0.0991473;0.0996874;0.104055;0.106105;0.116002;0.141047;EJ
CO2B;Mid-Atlantic grid;NJ;0.00139986;0.00329699;0.00166249;0.00217064;0.00226936;0.0024295;0.00274468;0.00311247;0.00354809;0.00442522;0.0054965;EJ
CO2B;Mid-Atlantic grid;NJ;0.00948074;0.0198804;0.0175443;0.0167918;0.0175076;0.0186601;0.0209327;0.0235942;0.0267514;0.0320547;0.0396892;EJ
CO2B;Mid-Atlantic grid;PA;0.427586;0.524582;0.538557;0.517234;0.524236;0.554692;0.606953;0.70171;0.804161;0.973499;1.18071;EJ
CO2B;Mid-Atlantic grid;PA;0.205294;0.267294;0.281487;0.250365;0.257059;0.274096;0.296011;0.323143;0.362591;0.448374;0.557715;EJ
CO2B;Mid-Atlantic grid;PA;0.00222319;0.00212786;0.00300699;0.0033572;0.00335951;0.0034983;0.00364344;0.00390861;0.0042724;0.00515677;0.00634799;EJ
CO2B;Mid-Atlantic grid;PA;0.0138491;0.0165295;0.0224519;0.0226094;0.0226055;0.0235953;0.0246299;0.0265013;0.0290673;0.036669;0.0452868;EJ
CO2B;Mid-Atlantic grid;electricity;0.951799;1.26237;1.28005;1.23712;1.26432;1.33471;1.45176;1.60772;1.80022;2.21359;2.74082;EJ
CO2B;New England grid;CT;0.0934867;0.0848491;0.0856725;0.0896919;0.084351;0.088818;0.0971511;0.104451;0.104436;0.116595;0.13371;EJ
CO2B;New England grid;CT;0.0328379;0.0302216;0.0293127;0.0371986;0.0333857;0.0352653;0.039905;0.0438975;0.0485923;0.0565957;0.0671216;EJ
CO2B;New England grid;CT;0.000590806;0.000408253;0.000455598;0.000597799;0.000535776;0.000581583;0.000684792;0.000767049;0.000862;0.00103891;0.00125219;EJ
CO2B;New England grid;CT;0.00383289;0.0033494;0.00327909;0.00361498;0.00315733;0.00347152;0.00418585;0.00475843;0.0054216;0.00734835;0.00887359;EJ
CO2B;New England grid;MA;0.0641502;0.0873027;0.075609;0.0589622;0.0442802;0.0481871;0.0577425;0.0536611;0.0671035;0.0918799;0.133461;EJ
CO2B;New England grid;MA;0.0702771;0.0691759;0.0650357;0.0496495;0.0440013;0.0470737;0.054569;0.0610576;0.0686694;0.0816328;0.0976211;EJ
CO2B;New England grid;MA;0.00100141;0.000994929;0.0010135;0.000782598;0.000708173;0.000778067;0.000937651;0.00106222;0.00120514;0.00146414;0.00176601;EJ
CO2B;New England grid;MA;0.00777749;0.00767851;0.00730037;0.00674276;0.00619387;0.00669937;0.00784687;0.00874652;0.00977595;0.0105939;0.0127534;EJ
CO2B;New England grid;ME;0.0323918;0.0275363;0.0228725;0.0247983;0.0218652;0.0230057;0.0273424;0.0331306;0.0397098;0.0484754;0.0716149;EJ
CO2B;New England grid;ME;0.00917269;0.0212265;0.0169001;0.00902977;0.00790738;0.00911145;0.0118226;0.0133307;0.0147628;0.0195023;0.0253141;EJ
CO2B;New England grid;ME;0.000148902;0.000323342;0.000222799;8.92998E-05;7.79287E-05;8.14764E-05;8.96844E-05;9.76903E-05;0.000107447;0.000127359;0.000154423;EJ
CO2B;New England grid;ME;0.000870521;0.0020466;0.00160389;0.000527597;0.000452828;0.000478858;0.000540683;0.000598987;0.000669717;0.000908819;0.00110026;EJ
CO2B;New England grid;NH;0.0331293;0.0642323;0.0639579;0.0553214;0.0552976;0.0643472;0.0836063;0.107976;0.126123;0.150338;0.149003;EJ
CO2B;New England grid;NH;0.0110844;0.020597;0.0160592;0.0160177;0.0143868;0.0160931;0.0196897;0.0221459;0.0249185;0.0308125;0.0376039;EJ
CO2B;New England grid;NH;0.000167202;0.000303139;0.000212899;0.0002134;0.000188062;0.000199401;0.000224953;0.000247026;0.000272955;0.000323743;0.000389655;EJ
CO2B;New England grid;NH;0.000970623;0.0020936;0.00153229;0.00126049;0.00108778;0.00116983;0.00135882;0.00151974;0.00170865;0.00231625;0.00279087;EJ
CO2B;New England grid;RI;0.000228304;0.00662524;0.00615821;0.00814359;0.00578507;0.00561313;0.00548414;0.00503155;0.0049033;0.00667168;0.0103153;EJ
CO2B;New England grid;RI;0.00332547;0.010784;0.0177999;0.014963;0.013462;0.0140209;0.0153885;0.0166526;0.0181701;0.0206239;0.0242081;EJ
CO2B;New England grid;RI;1.48002E-05;0.000283337;0.000304399;0.000249499;0.000222536;0.000239951;0.000279124;0.000310754;0.000347321;0.000416289;0.000501028;EJ
CO2B;New England grid;RI;0.000373809;0.0014827;0.00219059;0.00154189;0.00134888;0.00147175;0.00175074;0.00197585;0.00223662;0.00296971;0.003581;EJ
CO2B;New England grid;VT;0.0184985;0.0203442;0.0235901;0.00613377;0.0063046;0.00652558;0.00739205;0.00823865;0.00921599;0.00991598;0.0129075;EJ
CO2B;New England grid;VT;0.000329807;0.000757804;0.000812402;0.000781389;0.00127982;0.00263332;0.00499597;0.00702149;0.0094747;0.0134344;0.0164925;EJ
CO2B;New England grid;VT;3.00003E-07;1.00013E-07;2.99999E-07;9.99998E-08;9.25159E-08;9.86059E-08;1.11622E-07;1.16604E-07;1.22737E-07;1.36919E-07;1.62038E-07;EJ
CO2B;New England grid;VT;2.33006E-05;0.0000035;2.09999E-06;0.000227699;0.0002338;0.000248826;0.000274506;0.000291424;0.000311387;0.000131141;0.000157859;EJ
CO2B;New England grid;electricity;0.384684;0.46262;0.441898;0.386539;0.346514;0.376115;0.443263;0.496971;0.558998;0.674117;0.812694;EJ
CO2B;New York grid;NY;0.303311;0.353485;0.327878;0.330518;0.334075;0.357521;0.415205;0.462878;0.509817;0.619954;0.753845;EJ
CO2B;New York grid;NY;0.159286;0.185635;0.172187;0.173574;0.175442;0.187754;0.218048;0.243083;0.267734;0.325573;0.395887;EJ
CO2B;New York grid;NY;0.00241187;0.00281084;0.00260722;0.00262822;0.0026565;0.00284293;0.00330163;0.00368072;0.00405397;0.00492975;0.00599443;EJ
CO2B;New York grid;NY;0.0173655;0.0202381;0.018772;0.0189232;0.0191268;0.0204691;0.0237717;0.0265012;0.0291886;0.0354942;0.0431599;EJ
CO2B;New York grid;electricity;0.482375;0.562168;0.521444;0.525644;0.5313;0.568587;0.660326;0.736143;0.810794;0.985951;1.19889;EJ
CO2B;Northwest grid;ID;0.0234667;0.031583;0.0363954;0.0435104;0.049431;0.0530863;0.0607947;0.0665608;0.073437;0.0831497;0.101131;EJ
CO2B;Northwest grid;ID;0.00776809;0.00380812;0.0039743;0.0103529;0.00936838;0.00949528;0.00892627;0.00756311;0.0060974;0.00560936;0.00679661;EJ
CO2B;Northwest grid;ID;0;0.000171104;0.000102998;0.000280592;0.000283575;0.000295504;0.000282372;0.000276861;0.000281879;0.00032424;0.000372916;EJ
CO2B;Northwest grid;ID;7.26009E-05;0.00126091;0.00102149;0.00186757;0.00218294;0.00240739;0.00257376;0.00271741;0.00292315;0.00341732;0.00390388;EJ
CO2B;Northwest grid;MT;0.0492112;0.0610983;0.0592293;0.0616754;0.0725711;0.0995563;0.158896;0.215137;0.272734;0.401945;0.522667;EJ
CO2B;Northwest grid;MT;0.0413286;0.0487889;0.0538243;0.051865;0.0595326;0.07522;0.0832752;0.0864961;0.0958183;0.109284;0.127923;EJ
CO2B;Northwest grid;MT;0.000871985;3.10008E-06;0.00129448;6.70981E-05;0.000063453;6.34108E-05;5.46205E-05;5.00218E-05;4.82611E-05;5.46026E-05;6.44571E-05;EJ
CO2B;Northwest grid;MT;0.00617948;0.000594006;0.00138349;0.000523392;0.000587867;0.000626568;0.00063119;0.000647996;0.000682897;0.000698985;0.000801409;EJ
CO2B;Northwest grid;NV;0.0286587;0.0370162;0.0367784;0.0405426;0.0408191;0.0443833;0.0510102;0.0559873;0.06428;0.0853558;0.105759;EJ
CO2B;Northwest grid;NV;0.0395712;0.0933075;0.0743907;0.0815273;0.0808086;0.0807334;0.0900557;0.099618;0.106365;0.130872;0.170647;EJ
CO2B;Northwest grid;NV;0.00112038;0.00224686;0.00150888;0.00218604;0.00291585;0.00347692;0.00467905;0.00566553;0.0067017;0.00841719;0.010548;EJ
CO2B;Northwest grid;NV;0.0082607;0.0158742;0.0155625;0.020068;0.0240773;0.027458;0.0344363;0.0403846;0.0468711;0.0558852;0.0698299;EJ
CO2B;Northwest grid;OR;0.131456;0.121993;0.138254;0.150169;0.171119;0.179944;0.195806;0.20818;0.22326;0.241225;0.281078;EJ
CO2B;Northwest grid;OR;0.0399179;0.0372655;0.0447721;0.0472037;0.0419518;0.0408118;0.0391103;0.0359749;0.0311809;0.0295786;0.0354409;EJ
CO2B;Northwest grid;OR;0.000155597;0.00131693;0.000916285;0.00118287;0.00119323;0.00124225;0.0011849;0.00116037;0.00118016;0.00135678;0.00156079;EJ
CO2B;Northwest grid;OR;0.00117061;0.0092955;0.00827935;0.00667399;0.00716523;0.00773166;0.00791065;0.00812385;0.00856687;0.0108834;0.0128119;EJ
CO2B;Northwest grid;UT;0.0432116;0.0529226;0.0448622;0.0377884;0.040648;0.054911;0.0652429;0.0805712;0.101224;0.150333;0.195704;EJ
CO2B;Northwest grid;UT;0.0618667;0.0926074;0.10529;0.10979;0.167055;0.20901;0.273577;0.335972;0.410006;0.531098;0.650413;EJ
CO2B;Northwest grid;UT;0.00166157;0.000187505;0.000501492;0.000584484;0.00072739;0.000842562;0.00105586;0.00122293;0.00140244;0.00172183;0.00209208;EJ
CO2B;Northwest grid;UT;0.0118043;0.00143612;0.00392618;0.00379574;0.00498137;0.00595389;0.00778983;0.00925058;0.0108276;0.0144323;0.017604;EJ
CO2B;Northwest grid;WA;0.255891;0.3133;0.317584;0.337313;0.401474;0.437407;0.489174;0.526696;0.571011;0.641047;0.763165;EJ
CO2B;Northwest grid;WA;0.0888756;0.0487237;0.0502274;0.0516402;0.0488379;0.0412422;0.0412002;0.0399511;0.0363588;0.0354135;0.0430767;EJ
CO2B;Northwest grid;WA;0.000419993;0.000988025;0.000710188;0.00103457;0.000987589;0.00099177;0.000861389;0.000793765;0.000770185;0.000872549;0.0010229;EJ
CO2B;Northwest grid;WA;0.00296484;0.00691667;0.00607406;0.00548801;0.00543716;0.00559184;0.00510925;0.0048958;0.00489777;0.00646251;0.00780897;EJ
CO2B;Northwest grid;electricity;0.845905;0.982705;1.00686;1.06713;1.23422;1.38248;1.62364;1.8339;2.07693;2.54944;3.13222;EJ
CO2B;Southeast grid;AL;0.173578;0.314997;0.330269;0.340043;0.341391;0.359348;0.349216;0.343224;0.341329;0.409921;0.542548;EJ
CO2B;Southeast grid;AL;0.10761;0.168258;0.19258;0.181914;0.185612;0.197923;0.211836;0.245163;0.276;0.338153;0.437475;EJ
CO2B;Southeast grid;AL;0.000889357;0.00205071;0.00128778;0.00277001;0.00290674;0.00314826;0.00343273;0.00392519;0.00439191;0.00532645;0.00689415;EJ
CO2B;Southeast grid;AL;0.0066026;0.013767;0.0215895;0.0186959;0.0195308;0.0212377;0.0231676;0.0266938;0.0300581;0.0384103;0.0497894;EJ
CO2B;Southeast grid;AR;0.0898256;0.110005;0.136506;0.139617;0.157752;0.169602;0.182647;0.215672;0.256822;0.348341;0.4577;EJ
CO2B;Southeast grid;AR;0.0465696;0.0557703;0.0761995;0.0553407;0.0600781;0.0647481;0.0640505;0.067245;0.0730941;0.0871869;0.112656;EJ
CO2B;Southeast grid;AR;0.000762749;0.000960406;0.000444694;0.000763876;0.000745914;0.000768905;0.000733821;0.000761976;0.000800702;0.000928293;0.00119469;EJ
CO2B;Southeast grid;AR;0.00538363;0.00653073;0.00740343;0.00516045;0.00503972;0.00520274;0.00495144;0.00514521;0.00541174;0.00656317;0.00847383;EJ
CO2B;Southeast grid;GA;0.219304;0.302712;0.304491;0.270693;0.279189;0.293728;0.277865;0.293253;0.327721;0.398632;0.498817;EJ
CO2B;Southeast grid;GA;0.127143;0.168946;0.17344;0.163337;0.166208;0.174768;0.173925;0.185159;0.198465;0.232848;0.301071;EJ
CO2B;Southeast grid;GA;0.00102127;0.00143971;0.000891887;0.00247552;0.00243862;0.00253147;0.00249663;0.00266998;0.0028632;0.00337395;0.00440278;EJ
CO2B;Southeast grid;GA;0.00770807;0.00979324;0.0135423;0.0173048;0.0170273;0.0176692;0.0174784;0.0187143;0.0200716;0.0239278;0.0311923;EJ
CO2B;Southeast grid;LA;0.0886236;0.111731;0.14706;0.141002;0.133865;0.146259;0.163931;0.204211;0.244191;0.27392;0.330468;EJ
CO2B;Southeast grid;LA;0.098241;0.137084;0.125824;0.146771;0.145918;0.151227;0.153892;0.16979;0.183459;0.215893;0.278623;EJ
CO2B;Southeast grid;LA;0.00440718;0.00559153;0.0072984;0.00238043;0.00243294;0.00259107;0.00273495;0.00309128;0.00343697;0.00415962;0.00543819;EJ
CO2B;Southeast grid;LA;0.0297099;0.0401105;0.0268495;0.0160667;0.0163791;0.0174991;0.0184628;0.0210162;0.0235099;0.0299978;0.0392637;EJ
CO2B;Southeast grid;MS;0.0445461;0.072092;0.0826829;0.0736043;0.076527;0.0810519;0.0841747;0.0934619;0.104208;0.0789154;0.106556;EJ
CO2B;Southeast grid;MS;0.0345335;0.0735208;0.095415;0.137466;0.134368;0.136651;0.131176;0.132304;0.132797;0.143816;0.181792;EJ
CO2B;Southeast grid;MS;0.00107627;0.00266472;0.00103019;0.00230633;0.00229305;0.00239418;0.00234189;0.00245108;0.00259042;0.003013;0.00384409;EJ
CO2B;Southeast grid;MS;0.00781637;0.0188931;0.0178005;0.0155661;0.0154411;0.0161487;0.0157705;0.0165239;0.0174829;0.0212865;0.027264;EJ
CO2B;Southeast grid;NC;0.203508;0.320665;0.327776;0.309891;0.315729;0.335023;0.338327;0.38053;0.410713;0.457493;0.608783;EJ
CO2B;Southeast grid;NC;0.095457;0.141945;0.140287;0.129938;0.132662;0.141364;0.141452;0.149083;0.15976;0.187698;0.241829;EJ
CO2B;Southeast grid;NC;0.00078055;0.000521703;0.000863488;0.00188274;0.00185733;0.00192852;0.00186463;0.00193877;0.00204001;0.00236688;0.00303416;EJ
CO2B;Southeast grid;NC;0.00592896;0.00370982;0.00616464;0.0188287;0.0190658;0.0197506;0.0195653;0.0202885;0.0212015;0.0184894;0.0234386;EJ
CO2B;Southeast grid;SC;0.213211;0.288049;0.290368;0.288696;0.308736;0.322352;0.322289;0.332584;0.336018;0.387852;0.493596;EJ
CO2B;Southeast grid;SC;0.0459948;0.0827551;0.0896949;0.068049;0.0717635;0.0787289;0.0870815;0.102742;0.118299;0.149078;0.194429;EJ
CO2B;Southeast grid;SC;0.000447729;0.000887506;0.000643391;0.000946571;0.000986895;0.00106448;0.00115129;0.00131176;0.0014646;0.0017741;0.00230045;EJ
CO2B;Southeast grid;SC;0.0033023;0.00627273;0.00696763;0.00640852;0.00665483;0.00720444;0.00779634;0.00894768;0.0100513;0.0128048;0.016626;EJ
CO2B;Southeast grid;TN;0.170223;0.249569;0.228426;0.232496;0.225675;0.235207;0.249642;0.302134;0.354806;0.423408;0.509624;EJ
CO2B;Southeast grid;TN;0.0961507;0.101064;0.0785075;0.0426628;0.0468;0.053358;0.0586443;0.0684557;0.0805109;0.103089;0.134544;EJ
CO2B;Southeast grid;TN;0.000761449;0.000109701;0.000530092;0.000473985;0.000476733;0.000501656;0.00049824;0.000525987;0.000560246;0.000657156;0.000839457;EJ
CO2B;Southeast grid;TN;0.00574765;0.000903404;0.00212698;0.0035462;0.00357164;0.00374917;0.00372272;0.00391563;0.00415364;0.00467834;0.00597541;EJ
CO2B;Southeast grid;VA;0.134597;0.18478;0.173556;0.182681;0.165774;0.178112;0.201292;0.203391;0.201166;0.290247;0.41679;EJ
CO2B;Southeast grid;VA;0.0506531;0.0971276;0.0894639;0.11366;0.109338;0.114923;0.11721;0.123872;0.130931;0.153801;0.199765;EJ
CO2B;Southeast grid;VA;0.000488331;0.00131661;0.00308176;0.00173495;0.00180227;0.00193473;0.00199634;0.00215753;0.00234354;0.0028025;0.00358001;EJ
CO2B;Southeast grid;VA;0.00437166;0.0119263;0.0132716;0.0117105;0.0120612;0.0129538;0.0132886;0.0143563;0.0155988;0.0195359;0.0249783;EJ
CO2B;Southeast grid;electricity;2.12698;3.10852;3.21433;3.14688;3.1881;3.37265;3.45011;3.76671;4.09832;4.88039;6.3056;EJ
CO2B;Southwest grid;AZ;0.17436;0.237379;0.270427;0.255546;0.274305;0.312861;0.379254;0.414926;0.458213;0.578903;0.643489;EJ
CO2B;Southwest grid;AZ;0.0530192;0.109863;0.12184;0.146162;0.137882;0.147031;0.159061;0.166726;0.180215;0.223157;0.283803;EJ
CO2B;Southwest grid;AZ;0.000855323;0.00269116;0.00259186;0.00278661;0.00286083;0.00317221;0.0035236;0.00379095;0.00430967;0.00549946;0.00696226;EJ
CO2B;Southwest grid;AZ;0.0063589;0.0181768;0.0160614;0.0229632;0.0237037;0.0259542;0.0286738;0.0306326;0.0342504;0.0381836;0.0480138;EJ
CO2B;Southwest grid;CO;0.0729045;0.107314;0.11352;0.127156;0.129691;0.140098;0.150575;0.163473;0.188725;0.224012;0.304152;EJ
CO2B;Southwest grid;CO;0.0494022;0.071986;0.0753711;0.0725134;0.0784399;0.0888802;0.11039;0.12823;0.150817;0.195076;0.244081;EJ
CO2B;Southwest grid;CO;0.00073582;0.00115798;0.00106914;0.00107437;0.00119591;0.00140029;0.00171903;0.00191244;0.00219816;0.00276172;0.00336631;EJ
CO2B;Southwest grid;CO;0.00517358;0.00831235;0.00897395;0.00419701;0.00455526;0.00563687;0.00725002;0.00828708;0.00998222;0.0172124;0.0214121;EJ
CO2B;Southwest grid;NM;0.0596975;0.0839926;0.0773336;0.0686605;0.0602177;0.0699528;0.0848043;0.0955433;0.113159;0.148266;0.202746;EJ
CO2B;Southwest grid;NM;0.0452085;0.049922;0.0548302;0.0543963;0.0532264;0.0591989;0.0679162;0.0742637;0.0842453;0.107428;0.136189;EJ
CO2B;Southwest grid;NM;0.00075982;0.000500493;0.000883551;0.000877973;0.000914277;0.00102399;0.00115548;0.00124886;0.00142063;0.0018045;0.00225986;EJ
CO2B;Southwest grid;NM;0.00552759;0.00417788;0.00650902;0.00643986;0.00689295;0.00791536;0.00919251;0.010075;0.0116088;0.0154955;0.0192999;EJ
CO2B;Southwest grid;WY;0.089663;0.119132;0.125786;0.146345;0.162579;0.182595;0.191529;0.201838;0.238496;0.316511;0.434992;EJ
CO2B;Southwest grid;WY;0.0606603;0.0559191;0.0562609;0.0408185;0.0596161;0.0753914;0.0859944;0.0907019;0.109141;0.140076;0.1685;EJ
CO2B;Southwest grid;WY;0.000802922;6.49991E-06;0.000123693;1.38996E-05;1.31249E-05;1.35711E-05;1.23349E-05;1.17945E-05;1.21702E-05;0.000014767;1.81981E-05;EJ
CO2B;Southwest grid;WY;0.00564789;0.000697196;0.00206694;0.000620486;0.000733946;0.000885934;0.00103892;0.00114641;0.00133106;0.00168776;0.00204206;EJ
CO2B;Southwest grid;electricity;0.630777;0.871228;0.933649;0.95057;0.996828;1.12201;1.28209;1.39281;1.58812;2.01609;2.52133;EJ
CO2B;Texas grid;TX;0.567865;0.873511;0.913215;1.0015;1.03372;1.13491;1.24404;1.34815;1.52059;1.98421;2.8148;EJ
CO2B;Texas grid;TX;0.298218;0.45873;0.479581;0.525945;0.542867;0.596004;0.653314;0.707989;0.798548;1.04202;1.47821;EJ
CO2B;Texas grid;TX;0.00451556;0.00694599;0.00726171;0.00796375;0.00821997;0.00902457;0.00989234;0.0107202;0.0120914;0.0157781;0.0223827;EJ
CO2B;Texas grid;TX;0.032512;0.0500112;0.0522843;0.057339;0.0591838;0.0649769;0.0712248;0.0771856;0.0870584;0.113602;0.161156;EJ
CO2B;Texas grid;electricity;0.903111;1.3892;1.45234;1.59275;1.64399;1.80491;1.97847;2.14404;2.41829;3.15561;4.47655;EJ
CO2B_W;Alaska grid;AK;0.0108474;0.0171245;0.0171345;0.0164115;0.0078416;0.00806473;0.0108582;0.0135595;0.0169952;0.0247706;0.0358941;EJ
CO2B_W;Alaska grid;AK;0.00569657;0.00899306;0.00899831;0.00861863;0.00411807;0.00423525;0.00570227;0.00712086;0.00892515;0.0130085;0.01885;EJ
CO2B_W;Alaska grid;AK;8.62563E-05;0.000136171;0.00013625;0.000130501;6.23549E-05;6.41292E-05;8.63426E-05;0.000107823;0.000135143;0.000196971;0.000285423;EJ
CO2B_W;Alaska grid;AK;0.000621045;0.000980431;0.000981003;0.00093961;0.000448955;0.00046173;0.000621667;0.000776322;0.000973028;0.00141819;0.00205505;EJ
CO2B_W;Alaska grid;electricity;0.0172513;0.0272342;0.0272501;0.0261003;0.012471;0.0128258;0.0172685;0.0215645;0.0270285;0.0393943;0.0570846;EJ
CO2B_W;California grid;CA;0.322906;0.433815;0.437179;0.43526;0.377664;0.39508;0.456777;0.549655;0.666337;0.918943;1.28393;EJ
CO2B_W;California grid;CA;0.169576;0.227821;0.229587;0.22858;0.198333;0.207479;0.239879;0.288655;0.349931;0.482589;0.674266;EJ
CO2B_W;California grid;CA;0.00256768;0.00344962;0.00347636;0.0034611;0.00300311;0.0031416;0.0036322;0.00437075;0.00529858;0.00730726;0.0102096;EJ
CO2B_W;California grid;CA;0.0184873;0.0248372;0.0250298;0.0249199;0.0216224;0.0226195;0.0261518;0.0314694;0.0381498;0.0526122;0.073509;EJ
CO2B_W;California grid;electricity;0.513537;0.689923;0.695272;0.692221;0.600622;0.628321;0.72644;0.874151;1.05972;1.46145;2.04192;EJ
CO2B_W;Central East grid;IN;0.228022;0.29706;0.286143;0.233337;0.268775;0.2911;0.303412;0.31016;0.364666;0.473202;0.59438;EJ
CO2B_W;Central East grid;IN;0.136272;0.180175;0.172961;0.144314;0.163991;0.176041;0.183486;0.180482;0.194712;0.236709;0.291447;EJ
CO2B_W;Central East grid;IN;0.00164567;0.00185997;0.00070919;0.00229013;0.00232829;0.00247688;0.0025812;0.00275902;0.00305374;0.00375366;0.00461047;EJ
CO2B_W;Central East grid;IN;0.0137628;0.0100433;0.0176069;0.0169528;0.017381;0.0181917;0.0186879;0.0194454;0.0210891;0.0234585;0.0287464;EJ
CO2B_W;Central East grid;KY;0.170908;0.224373;0.23409;0.211492;0.198919;0.208281;0.178311;0.155976;0.168385;0.204284;0.242147;EJ
CO2B_W;Central East grid;KY;0.096288;0.130042;0.135082;0.106732;0.114841;0.127998;0.148585;0.17139;0.205268;0.270042;0.336539;EJ
CO2B_W;Central East grid;KY;0.00100014;0.000916386;0.00502413;0.00217572;0.00246819;0.00268358;0.00300617;0.00316055;0.00360913;0.00457186;0.0057218;EJ
CO2B_W;Central East grid;KY;0.00734733;0.0201171;0.00991006;0.00683585;0.00810233;0.0093598;0.0113481;0.013022;0.0157945;0.022604;0.0284093;EJ
CO2B_W;Central East grid;MI;0.241349;0.305198;0.28439;0.281104;0.300767;0.318493;0.422285;0.515663;0.574282;0.71013;0.89751;EJ
CO2B_W;Central East grid;MI;0.0938353;0.111871;0.110506;0.125318;0.118144;0.118581;0.122711;0.142093;0.160273;0.191746;0.238168;EJ
CO2B_W;Central East grid;MI;0.00350445;0.0068515;0.00145888;0.00176247;0.00194569;0.00210524;0.00233313;0.00246367;0.00280205;0.00353132;0.00442298;EJ
CO2B_W;Central East grid;MI;0.0220257;0.036668;0.0301152;0.0189248;0.0198322;0.0211312;0.0227109;0.0239369;0.0267002;0.0322593;0.0400064;EJ
CO2B_W;Central East grid;OH;0.302803;0.375633;0.351891;0.271903;0.288514;0.317084;0.365385;0.404938;0.452314;0.556601;0.675597;EJ
CO2B_W;Central East grid;OH;0.157382;0.194036;0.17795;0.156912;0.154702;0.162912;0.16804;0.16788;0.17919;0.212953;0.260339;EJ
CO2B_W;Central East grid;OH;0.00165937;0.00148538;0.00318295;0.00289479;0.00290949;0.00308803;0.00320052;0.00342658;0.00378127;0.00463091;0.00564776;EJ
CO2B_W;Central East grid;OH;0.0126291;0.0126425;0.018136;0.0226134;0.0238818;0.0256393;0.0272064;0.0285968;0.0318966;0.0413824;0.0509696;EJ
CO2B_W;Central East grid;WV;0.169693;0.210752;0.188016;0.18202;0.19028;0.202635;0.1664;0.138152;0.15027;0.183753;0.223097;EJ
CO2B_W;Central East grid;WV;0.100604;0.12593;0.10959;0.0863326;0.103327;0.116914;0.131195;0.138961;0.158532;0.206069;0.256102;EJ
CO2B_W;Central East grid;WV;0.00103894;0.000122798;0.000316296;0.000258879;0.000266271;0.000282561;0.000296128;0.000315796;0.000350748;0.000433465;0.000531955;EJ
CO2B_W;Central East grid;WV;0.00794475;0.0014286;0.00121028;0.00222342;0.00221173;0.00225923;0.00225025;0.0023033;0.00241753;0.00212858;0.00260011;EJ
CO2B_W;Central East grid;electricity;1.76971;2.24721;2.13829;1.8764;1.98359;2.12726;2.28343;2.42512;2.71939;3.38424;4.18699;EJ
CO2B_W;Central Northeast grid;IL;0.360721;0.522778;0.539101;0.524715;0.705947;0.749518;0.868121;0.932583;1.03895;1.27141;1.4683;EJ
CO2B_W;Central Northeast grid;IL;0.123054;0.186783;0.200863;0.180994;0.221738;0.233772;0.250248;0.269526;0.303122;0.362491;0.436008;EJ
CO2B_W;Central Northeast grid;IL;0.00195618;0.0026127;0.00202986;0.00232037;0.00301847;0.00321069;0.00342706;0.00356467;0.00402738;0.00488967;0.00588743;EJ
CO2B_W;Central Northeast grid;IL;0.0164336;0.0184737;0.0182438;0.0205651;0.0243773;0.0253167;0.026076;0.0266614;0.0290451;0.0300868;0.0360977;EJ
CO2B_W;Central Northeast grid;MO;0.110565;0.179545;0.176803;0.164408;0.209758;0.228394;0.219737;0.23697;0.284897;0.329864;0.438715;EJ
CO2B_W;Central Northeast grid;MO;0.104298;0.156664;0.158564;0.144498;0.208249;0.226005;0.245751;0.255967;0.307222;0.388165;0.471364;EJ
CO2B_W;Central Northeast grid;MO;0.00152349;0.0014254;0.00186566;0.00120468;0.00167239;0.00181533;0.00204699;0.00220222;0.00257277;0.00321894;0.0039396;EJ
CO2B_W;Central Northeast grid;MO;0.00962499;0.0100022;0.0143691;0.00749945;0.0109613;0.0120171;0.0136604;0.0147571;0.0174294;0.0232736;0.0284664;EJ
CO2B_W;Central Northeast grid;WI;0.099485;0.131991;0.134942;0.122782;0.149984;0.160309;0.142504;0.123473;0.148798;0.197969;0.266234;EJ
CO2B_W;Central Northeast grid;WI;0.0723925;0.0946984;0.0874;0.100885;0.129667;0.137967;0.150133;0.153548;0.163026;0.194225;0.233921;EJ
CO2B_W;Central Northeast grid;WI;0.00105899;0.0025962;0.00287024;0.00293106;0.00378329;0.00402488;0.00430954;0.00451501;0.00511005;0.00619858;0.00745419;EJ
CO2B_W;Central Northeast grid;WI;0.00661973;0.0192911;0.0161007;0.0184194;0.0256753;0.0278328;0.0307055;0.0326112;0.0378389;0.0496514;0.0598607;EJ
CO2B_W;Central Northeast grid;electricity;0.907732;1.32686;1.35315;1.29122;1.69483;1.81018;1.95672;2.05638;2.34204;2.86144;3.45624;EJ
CO2B_W;Central Northwest grid;IA;0.0685927;0.10196;0.127008;0.124799;0.129784;0.141278;0.156133;0.161069;0.182855;0.218538;0.269612;EJ
CO2B_W;Central Northwest grid;IA;0.0444723;0.0604826;0.079813;0.0688615;0.0718406;0.0775915;0.0818165;0.0782756;0.0833639;0.09585;0.115725;EJ
CO2B_W;Central Northwest grid;IA;0.000700548;0.00117512;0.00106915;0.000759456;0.000796751;0.000873214;0.000950608;0.000978946;0.00110915;0.00144068;0.00173645;EJ
CO2B_W;Central Northwest grid;IA;0.00461936;0.00783381;0.00878183;0.010677;0.010722;0.0111062;0.0114562;0.0115682;0.0122092;0.00746519;0.0092077;EJ
CO2B_W;Central Northwest grid;MN;0.108172;0.130744;0.12791;0.12892;0.132037;0.143843;0.173286;0.174801;0.203816;0.278417;0.345059;EJ
CO2B_W;Central Northwest grid;MN;0.0490476;0.0598591;0.0577772;0.0698879;0.0683625;0.0706327;0.069563;0.0679118;0.0765752;0.0950404;0.114672;EJ
CO2B_W;Central Northwest grid;MN;0.000791455;0.00144463;0.0021224;0.00218927;0.00226042;0.0024193;0.0025289;0.00254035;0.00278755;0.00351724;0.00424221;EJ
CO2B_W;Central Northwest grid;MN;0.00662108;0.0114932;0.0125736;0.00800428;0.0078326;0.00810664;0.0089488;0.00918927;0.0108093;0.018708;0.0235297;EJ
CO2B_W;Central Northwest grid;ND;0.0617405;0.0755087;0.0800012;0.0875451;0.0919127;0.0977886;0.0919411;0.0952867;0.106926;0.138472;0.170842;EJ
CO2B_W;Central Northwest grid;ND;0.0460597;0.0538462;0.0560418;0.0582525;0.0638128;0.0705715;0.0782532;0.0788661;0.0881658;0.121085;0.150524;EJ
CO2B_W;Central Northwest grid;ND;0.000553538;0;7.74962E-05;0.000323681;0.000327656;0.000353504;0.00038792;0.000412285;0.000487644;0.000660893;0.000845909;EJ
CO2B_W;Central Northwest grid;ND;0.00373744;0.000272704;0.00230238;0.00394494;0.00394743;0.00407029;0.00419074;0.00424999;0.00455599;0.00332514;0.00420993;EJ
CO2B_W;Central Northwest grid;NE;0.0595541;0.0831658;0.0967211;0.103563;0.110619;0.124215;0.133214;0.140673;0.16323;0.228636;0.274721;EJ
CO2B_W;Central Northwest grid;NE;0.0221591;0.0357435;0.0412003;0.0438783;0.0488069;0.0565474;0.0706365;0.0848476;0.106557;0.151017;0.18492;EJ
CO2B_W;Central Northwest grid;NE;0.000409528;0.000442809;0.000287686;0.000189889;0.000214202;0.000244006;0.000299204;0.000325034;0.000412347;0.000560194;0.000699413;EJ
CO2B_W;Central Northwest grid;NE;0.00265733;0.00260784;0.00150239;0.0024997;0.00346669;0.0045925;0.00550784;0.00591032;0.00737395;0.0134387;0.0157444;EJ
CO2B_W;Central Northwest grid;SD;0.0194122;0.0186498;0.0296035;0.0270258;0.0302301;0.0307537;0.0313447;0.0324399;0.0334719;0.0318452;0.0345859;EJ
CO2B_W;Central Northwest grid;SD;0.00498383;0.00539754;0.00739299;0.0069165;0.00691071;0.007127;0.00743004;0.00743524;0.00785274;0.00750048;0.00911243;EJ
CO2B_W;Central Northwest grid;SD;6.94048E-05;0.000197904;0.000110995;0.000289783;0.000333797;0.000387075;0.000492489;0.000548427;0.000692433;0.00094509;0.00118183;EJ
CO2B_W;Central Northwest grid;SD;0.000541006;0.00126782;0.00124739;0.00188912;0.00234761;0.00291948;0.00344202;0.00367849;0.00457324;0.00835646;0.00999008;EJ
CO2B_W;Central Northwest grid;electricity;0.504895;0.652093;0.733544;0.750417;0.786565;0.85542;0.931823;0.961007;1.09782;1.42482;1.74116;EJ
CO2B_W;Central Southwest grid;KS;0.105472;0.150733;0.16475;0.15516;0.146992;0.156209;0.17222;0.190098;0.213832;0.262703;0.346662;EJ
CO2B_W;Central Southwest grid;KS;0.0293783;0.0302056;0.0279105;0.0189608;0.0174213;0.0185344;0.0208399;0.0228975;0.0253778;0.0219097;0.0286112;EJ
CO2B_W;Central Southwest grid;KS;0.000277254;0.000119914;0.000206594;0.000126393;0.000110056;0.000119653;0.000138378;0.000153724;0.00017204;0.000210922;0.000271239;EJ
CO2B_W;Central Southwest grid;KS;0.00323147;0.00523555;0.00167453;0.00699024;0.00611662;0.00652217;0.00727788;0.00794216;0.008784;0.00868616;0.0114381;EJ
CO2B_W;Central Southwest grid;OK;0.085084;0.128715;0.134922;0.138455;0.105843;0.111182;0.119947;0.130351;0.146497;0.188397;0.251186;EJ
CO2B_W;Central Southwest grid;OK;0.0706932;0.116549;0.129464;0.135233;0.115356;0.121888;0.132594;0.145388;0.163851;0.214989;0.285353;EJ
CO2B_W;Central Southwest grid;OK;0.00123801;0.00210221;0.00217634;0.00220838;0.00190043;0.00200659;0.00218488;0.00239442;0.00269323;0.00337614;0.00448273;EJ
CO2B_W;Central Southwest grid;OK;0.00767841;0.0107637;0.0154826;0.00982013;0.0083589;0.00878681;0.0094496;0.0104045;0.0118459;0.0171407;0.0227905;EJ
CO2B_W;Central Southwest grid;electricity;0.303052;0.444424;0.476587;0.466955;0.402098;0.42525;0.464652;0.509629;0.573054;0.717413;0.950795;EJ
CO2B_W;Florida grid;FL;0.291153;0.489432;0.51457;0.534768;0.527917;0.544128;0.504071;0.54477;0.577629;0.633101;0.794381;EJ
CO2B_W;Florida grid;FL;0.152901;0.257028;0.27023;0.280837;0.277239;0.285752;0.264716;0.28609;0.303346;0.332477;0.417174;EJ
CO2B_W;Florida grid;FL;0.00231519;0.00389187;0.00409176;0.00425237;0.00419789;0.0043268;0.00400828;0.00433191;0.0045932;0.0050343;0.00631676;EJ
CO2B_W;Florida grid;FL;0.0166694;0.0280214;0.0294607;0.0306171;0.0302248;0.0311529;0.0288596;0.0311897;0.033071;0.0362469;0.0454807;EJ
CO2B_W;Florida grid;electricity;0.463038;0.778373;0.818352;0.850474;0.839578;0.865359;0.801656;0.866382;0.918639;1.00686;1.26335;EJ
CO2B_W;Hawaii grid;HI;0.0228011;0.0244049;0.0240449;0.0226419;0.0241669;0.0236531;0.0220253;0.0220083;0.0232446;0.0268377;0.0361005;EJ
CO2B_W;Hawaii grid;HI;0.0119741;0.0128164;0.0126273;0.0118905;0.0126914;0.0124216;0.0115667;0.0115578;0.0122071;0.014094;0.0189584;EJ
CO2B_W;Hawaii grid;HI;0.00018131;0.000194063;0.0001912;0.000180044;0.00019217;0.000188085;0.000175141;0.000175006;0.000184837;0.000213409;0.000287064;EJ
CO2B_W;Hawaii grid;HI;0.00130543;0.00139726;0.00137664;0.00129632;0.00138363;0.00135421;0.00126101;0.00126004;0.00133082;0.00153654;0.00206686;EJ
CO2B_W;Hawaii grid;electricity;0.036262;0.0388127;0.03824;0.0360088;0.0384341;0.037617;0.0350281;0.0350012;0.0369674;0.0426817;0.0574129;EJ
CO2B_W;Mid-Atlantic grid;DC;0;0;0;5.90985E-05;3.79894E-05;5.66298E-05;0.000115358;0.000153722;0.000222647;0.000323877;0.000474002;EJ
CO2B_W;Mid-Atlantic grid;DC;0.00152164;0.000935204;0;5.90985E-05;0.00012698;0.000181018;0.000251429;0.000321603;0.000384915;0.000474852;0.000605663;EJ
CO2B_W;Mid-Atlantic grid;DC;0;0;0.000489698;0;0;0;0;0;0;0;0;EJ
CO2B_W;Mid-Atlantic grid;DC;0.00038041;0.000233802;0.000489697;0;0;0;0;0;0;0;0;EJ
CO2B_W;Mid-Atlantic grid;DE;0.00997114;0.00994564;0.00760194;0.00537546;0.00378501;0.0036803;0.00335037;0.00272141;0.0028404;0.00348949;0.00476818;EJ
CO2B_W;Mid-Atlantic grid;DE;0.0175378;0.0156738;0.0129634;0.0172376;0.0164125;0.0163366;0.0169482;0.0183617;0.0193016;0.0215417;0.0260967;EJ
CO2B_W;Mid-Atlantic grid;DE;0.000312313;0.000340109;0.000282899;0.00034999;0.00036741;0.00040461;0.000468296;0.000539964;0.00061947;0.00076855;0.000956787;EJ
CO2B_W;Mid-Atlantic grid;DE;0.00316888;0.00259002;0.00219539;0.00255563;0.00267756;0.00292559;0.00340168;0.00392391;0.00450156;0.00561959;0.00699796;EJ
CO2B_W;Mid-Atlantic grid;MD;0.0558954;0.116956;0.107399;0.102507;0.10401;0.110699;0.11571;0.111708;0.119326;0.170752;0.24066;EJ
CO2B_W;Mid-Atlantic grid;MD;0.0579655;0.0731097;0.0545349;0.0358973;0.0437042;0.0508775;0.0640874;0.0834787;0.104916;0.14149;0.175185;EJ
CO2B_W;Mid-Atlantic grid;MD;0.000823634;0.000546915;0.000958195;0.000307791;0.000325369;0.000342647;0.000401873;0.000475045;0.000554268;0.000692525;0.00085825;EJ
CO2B_W;Mid-Atlantic grid;MD;0.00738569;0.00621175;0.00340068;0.00257963;0.0027252;0.00287683;0.00330331;0.00384902;0.0044454;0.00516835;0.00637407;EJ
CO2B_W;Mid-Atlantic grid;NJ;0.105027;0.142282;0.151325;0.152713;0.162931;0.169542;0.18285;0.193315;0.203406;0.2372;0.292323;EJ
CO2B_W;Mid-Atlantic grid;NJ;0.0319772;0.0598384;0.0737044;0.104954;0.100197;0.0990257;0.100075;0.104084;0.105737;0.114501;0.138299;EJ
CO2B_W;Mid-Atlantic grid;NJ;0.00139986;0.00329699;0.00166249;0.00217064;0.00226924;0.00236356;0.00266412;0.00305508;0.00350587;0.00435175;0.00536989;EJ
CO2B_W;Mid-Atlantic grid;NJ;0.00948074;0.0198804;0.0175443;0.0167918;0.0175076;0.01832;0.0203519;0.0231654;0.026437;0.0315319;0.0387845;EJ
CO2B_W;Mid-Atlantic grid;PA;0.427586;0.524582;0.538557;0.517234;0.524262;0.554629;0.608077;0.699783;0.800289;0.958855;1.1461;EJ
CO2B_W;Mid-Atlantic grid;PA;0.205294;0.267294;0.281487;0.250365;0.257073;0.273979;0.296585;0.322944;0.361031;0.441783;0.54435;EJ
CO2B_W;Mid-Atlantic grid;PA;0.00222319;0.00212786;0.00300699;0.0033572;0.00335988;0.00355762;0.00370268;0.0039428;0.0042748;0.00508608;0.00620854;EJ
CO2B_W;Mid-Atlantic grid;PA;0.0138491;0.0165295;0.0224519;0.0226094;0.0226073;0.0238904;0.0250493;0.0267544;0.0290878;0.0361523;0.0442764;EJ
CO2B_W;Mid-Atlantic grid;electricity;0.951799;1.26237;1.28005;1.23712;1.26438;1.33369;1.44739;1.60258;1.79088;2.17978;2.67869;EJ
CO2B_W;New England grid;CT;0.0934867;0.0848491;0.0856725;0.0896919;0.0843767;0.0888687;0.0972506;0.104641;0.104528;0.116157;0.134998;EJ
CO2B_W;New England grid;CT;0.0328379;0.0302216;0.0293127;0.0371986;0.0333956;0.0352866;0.0399419;0.0439559;0.0486222;0.0564662;0.0677782;EJ
CO2B_W;New England grid;CT;0.000590806;0.000408253;0.000455598;0.000597799;0.000535954;0.000582579;0.000686046;0.000769019;0.00086273;0.00103553;0.00126425;EJ
CO2B_W;New England grid;CT;0.00383289;0.0033494;0.00327909;0.00361498;0.00315853;0.00347689;0.00419423;0.00477223;0.00542673;0.00732384;0.00895888;EJ
CO2B_W;New England grid;MA;0.0641502;0.0873027;0.075609;0.0589622;0.044298;0.0482276;0.0578434;0.0538468;0.0671695;0.091524;0.135108;EJ
CO2B_W;New England grid;MA;0.0702771;0.0691759;0.0650357;0.0496495;0.044015;0.0471053;0.0546119;0.0611323;0.0686963;0.0813917;0.098545;EJ
CO2B_W;New England grid;MA;0.00100141;0.000994929;0.0010135;0.000782598;0.00070841;0.000777208;0.000936694;0.00106307;0.00120504;0.00145907;0.00178275;EJ
CO2B_W;New England grid;MA;0.00777749;0.00767851;0.00730037;0.00674276;0.00619569;0.00669662;0.00784164;0.0087535;0.00977586;0.0105588;0.0128747;EJ
CO2B_W;New England grid;ME;0.0323918;0.0275363;0.0228725;0.0247983;0.0218679;0.0230087;0.0273264;0.0332001;0.0396334;0.0482186;0.0722153;EJ
CO2B_W;New England grid;ME;0.00917269;0.0212265;0.0169001;0.00902977;0.00790977;0.00911611;0.0118282;0.0134224;0.0147835;0.0193682;0.0255492;EJ
CO2B_W;New England grid;ME;0.000148902;0.000323342;0.000222799;8.92998E-05;7.79498E-05;8.16117E-05;8.99047E-05;9.79744E-05;0.000107569;0.000126954;0.000155829;EJ
CO2B_W;New England grid;ME;0.000870521;0.0020466;0.00160389;0.000527597;0.000452968;0.000479574;0.000542077;0.000600909;0.000670502;0.000905785;0.00111021;EJ
CO2B_W;New England grid;NH;0.0331293;0.0642323;0.0639579;0.0553214;0.0553197;0.0644004;0.0836098;0.108064;0.126204;0.150048;0.15004;EJ
CO2B_W;New England grid;NH;0.0110844;0.020597;0.0160592;0.0160177;0.0143917;0.0161042;0.0197114;0.0222281;0.0249442;0.030709;0.0379777;EJ
CO2B_W;New England grid;NH;0.000167202;0.000303139;0.000212899;0.0002134;0.000188117;0.000199753;0.000225487;0.00024775;0.000273282;0.000322793;0.00039339;EJ
CO2B_W;New England grid;NH;0.000970623;0.0020936;0.00153229;0.00126049;0.00108816;0.0011717;0.00136223;0.00152468;0.00171079;0.00230919;0.00281757;EJ
CO2B_W;New England grid;RI;0.000228304;0.00662524;0.00615821;0.00814359;0.00578735;0.00561863;0.00553347;0.00508895;0.00492967;0.00665174;0.0104991;EJ
CO2B_W;New England grid;RI;0.00332547;0.010784;0.0177999;0.014963;0.0134658;0.0140298;0.0154066;0.0166717;0.0181866;0.0205948;0.0244219;EJ
CO2B_W;New England grid;RI;1.48002E-05;0.000283337;0.000304399;0.000249499;0.000222608;0.000240406;0.000279734;0.000311632;0.000347689;0.000415004;0.000505674;EJ
CO2B_W;New England grid;RI;0.000373809;0.0014827;0.00219059;0.00154189;0.00134936;0.00147418;0.00175473;0.00198193;0.00223911;0.00296019;0.00361407;EJ
CO2B_W;New England grid;VT;0.0184985;0.0203442;0.0235901;0.00613377;0.00630476;0.00650863;0.00736373;0.00824051;0.00920826;0.00988202;0.0130034;EJ
CO2B_W;New England grid;VT;0.000329807;0.000757804;0.000812402;0.000781389;0.00128224;0.00262719;0.00498053;0.00700617;0.00945059;0.0133386;0.0166377;EJ
CO2B_W;New England grid;VT;3.00003E-07;1.00013E-07;2.99999E-07;9.99998E-08;9.25393E-08;9.87395E-08;1.11775E-07;1.16866E-07;1.22878E-07;1.36698E-07;1.63681E-07;EJ
CO2B_W;New England grid;VT;2.33006E-05;0.0000035;2.09999E-06;0.000227699;0.000233838;0.000248966;0.000274535;0.000291567;0.000311354;0.000130464;0.00015942;EJ
CO2B_W;New England grid;electricity;0.384684;0.46262;0.441898;0.386539;0.346626;0.376331;0.443595;0.497912;0.559287;0.671897;0.820411;EJ
CO2B_W;New York grid;NY;0.303311;0.353485;0.327878;0.330518;0.334183;0.357452;0.414783;0.462768;0.508515;0.614879;0.761949;EJ
CO2B_W;New York grid;NY;0.159286;0.185635;0.172187;0.173574;0.175499;0.187718;0.217826;0.243026;0.26705;0.322908;0.400143;EJ
CO2B_W;New York grid;NY;0.00241187;0.00281084;0.00260722;0.00262822;0.00265736;0.00284239;0.00329828;0.00367984;0.00404361;0.0048894;0.00605887;EJ
CO2B_W;New York grid;NY;0.0173655;0.0202381;0.018772;0.0189232;0.019133;0.0204652;0.0237476;0.0264949;0.029114;0.0352037;0.0436239;EJ
CO2B_W;New York grid;electricity;0.482375;0.562168;0.521444;0.525644;0.531473;0.568478;0.659655;0.735968;0.808722;0.97788;1.21177;EJ
CO2B_W;Northwest grid;ID;0.0234667;0.031583;0.0363954;0.0435104;0.0494338;0.0530969;0.0608253;0.066617;0.0733939;0.0825849;0.100901;EJ
CO2B_W;Northwest grid;ID;0.00776809;0.00380812;0.0039743;0.0103529;0.00936937;0.00949656;0.00894171;0.00763868;0.0061537;0.00562042;0.00682232;EJ
CO2B_W;Northwest grid;ID;0;0.000171104;0.000102998;0.000280592;0.000283643;0.000295654;0.000283443;0.000278013;0.000282553;0.000322725;0.000373808;EJ
CO2B_W;Northwest grid;ID;7.26009E-05;0.00126091;0.00102149;0.00186757;0.00218317;0.00240817;0.00258008;0.00272372;0.0029264;0.00340036;0.00391201;EJ
CO2B_W;Northwest grid;MT;0.0492112;0.0610983;0.0592293;0.0616754;0.0725832;0.0996088;0.158868;0.215052;0.272445;0.397979;0.522095;EJ
CO2B_W;Northwest grid;MT;0.0413286;0.0487889;0.0538243;0.051865;0.0595402;0.0752471;0.0835934;0.086292;0.0950589;0.107782;0.126374;EJ
CO2B_W;Northwest grid;MT;0.000871985;3.10008E-06;0.00129448;6.70981E-05;6.34742E-05;6.34382E-05;5.46965E-05;4.98471E-05;4.79868E-05;0.000054186;6.44007E-05;EJ
CO2B_W;Northwest grid;MT;0.00617948;0.000594006;0.00138349;0.000523392;0.000587934;0.000626706;0.000631534;0.000646628;0.000680481;0.000693758;0.000801042;EJ
CO2B_W;Northwest grid;NV;0.0286587;0.0370162;0.0367784;0.0405426;0.0407616;0.0442636;0.0510409;0.0560309;0.0642429;0.0846646;0.105456;EJ
CO2B_W;Northwest grid;NV;0.0395712;0.0933075;0.0743907;0.0815273;0.0807452;0.0806322;0.0897435;0.0995575;0.10632;0.129788;0.170465;EJ
CO2B_W;Northwest grid;NV;0.00112038;0.00224686;0.00150888;0.00218604;0.00291592;0.00347777;0.00467768;0.00566094;0.00669194;0.00834774;0.0105248;EJ
CO2B_W;Northwest grid;NV;0.0082607;0.0158742;0.0155625;0.020068;0.0240782;0.027464;0.0344417;0.0403714;0.046815;0.0554187;0.0696654;EJ
CO2B_W;Northwest grid;OR;0.131456;0.121993;0.138254;0.150169;0.171129;0.179977;0.195915;0.208324;0.223227;0.239987;0.281095;EJ
CO2B_W;Northwest grid;OR;0.0399179;0.0372655;0.0447721;0.0472037;0.0419583;0.0408256;0.0391725;0.0362213;0.0314348;0.0296311;0.0355727;EJ
CO2B_W;Northwest grid;OR;0.000155597;0.00131693;0.000916285;0.00118287;0.00119271;0.00124127;0.00118768;0.00116488;0.00118316;0.00135071;0.00156483;EJ
CO2B_W;Northwest grid;OR;0.00117061;0.0092955;0.00827935;0.00667399;0.0071635;0.00772827;0.00792622;0.00814914;0.00858446;0.0108336;0.0128434;EJ
CO2B_W;Northwest grid;UT;0.0432116;0.0529226;0.0448622;0.0377884;0.0406586;0.0549516;0.0657828;0.0807506;0.101192;0.148916;0.195325;EJ
CO2B_W;Northwest grid;UT;0.0618667;0.0926074;0.10529;0.10979;0.167101;0.209122;0.27397;0.336091;0.409971;0.527424;0.65079;EJ
CO2B_W;Northwest grid;UT;0.00166157;0.000187505;0.000501492;0.000584484;0.000727653;0.000843177;0.00105754;0.00122442;0.00140268;0.00171073;0.00209234;EJ
CO2B_W;Northwest grid;UT;0.0118043;0.00143612;0.00392618;0.00379574;0.00498209;0.00595667;0.00779997;0.00925838;0.010825;0.0143356;0.0176009;EJ
CO2B_W;Northwest grid;WA;0.255891;0.3133;0.317584;0.337313;0.401506;0.437524;0.489481;0.527165;0.570963;0.637218;0.762645;EJ
CO2B_W;Northwest grid;WA;0.0888756;0.0487237;0.0502274;0.0516402;0.0488452;0.0412589;0.0412445;0.0401986;0.0366344;0.0354628;0.0432303;EJ
CO2B_W;Northwest grid;WA;0.000419993;0.000988025;0.000710188;0.00103457;0.000987765;0.00099217;0.000865021;0.000797801;0.000772468;0.000868023;0.00102513;EJ
CO2B_W;Northwest grid;WA;0.00296484;0.00691667;0.00607406;0.00548801;0.00543749;0.00559323;0.00512821;0.00491725;0.00491034;0.00642763;0.00782355;EJ
CO2B_W;Northwest grid;electricity;0.845905;0.982705;1.00686;1.06713;1.23423;1.3827;1.62521;1.83518;2.07616;2.53082;3.12906;EJ
CO2B_W;Southeast grid;AL;0.173578;0.314997;0.330269;0.340043;0.341466;0.359576;0.351338;0.346568;0.345277;0.407204;0.540003;EJ
CO2B_W;Southeast grid;AL;0.10761;0.168258;0.19258;0.181914;0.185666;0.198095;0.21229;0.244785;0.275039;0.329291;0.427806;EJ
CO2B_W;Southeast grid;AL;0.000889357;0.00205071;0.00128778;0.00277001;0.00291302;0.00317413;0.00347506;0.00394964;0.00438755;0.00518538;0.00673114;EJ
CO2B_W;Southeast grid;AL;0.0066026;0.013767;0.0215895;0.0186959;0.0195554;0.0213703;0.0234857;0.0268995;0.0300404;0.0373894;0.0486036;EJ
CO2B_W;Southeast grid;AR;0.0898256;0.110005;0.136506;0.139617;0.157731;0.16956;0.181765;0.216539;0.257023;0.341555;0.44643;EJ
CO2B_W;Southeast grid;AR;0.0465696;0.0557703;0.0761995;0.0553407;0.0600413;0.0646802;0.0638513;0.0668181;0.0724136;0.0842893;0.108882;EJ
CO2B_W;Southeast grid;AR;0.000762749;0.000960406;0.000444694;0.000763876;0.000730567;0.000720624;0.000703617;0.000744218;0.000790838;0.000905309;0.00117041;EJ
CO2B_W;Southeast grid;AR;0.00538363;0.00653073;0.00740343;0.00516045;0.00498413;0.00494302;0.00471572;0.00500325;0.00533875;0.00641338;0.00832425;EJ
CO2B_W;Southeast grid;GA;0.219304;0.302712;0.304491;0.270693;0.279254;0.293924;0.280739;0.296334;0.331225;0.394897;0.495269;EJ
CO2B_W;Southeast grid;GA;0.127143;0.168946;0.17344;0.163337;0.166253;0.174903;0.174669;0.185321;0.198165;0.22693;0.294254;EJ
CO2B_W;Southeast grid;GA;0.00102127;0.00143971;0.000891887;0.00247552;0.00244213;0.00254396;0.00251886;0.00268386;0.00286101;0.00328158;0.0042988;EJ
CO2B_W;Southeast grid;GA;0.00770807;0.00979324;0.0135423;0.0173048;0.0170411;0.0177331;0.0176399;0.0188252;0.0200616;0.0232744;0.0304495;EJ
CO2B_W;Southeast grid;LA;0.0886236;0.111731;0.14706;0.141002;0.133899;0.146345;0.162126;0.182552;0.216684;0.256039;0.323481;EJ
CO2B_W;Southeast grid;LA;0.098241;0.137084;0.125824;0.146771;0.145944;0.151316;0.15379;0.169035;0.182447;0.210233;0.272362;EJ
CO2B_W;Southeast grid;LA;0.00440718;0.00559153;0.0072984;0.00238043;0.00242874;0.00258096;0.00268282;0.00303822;0.00340222;0.00404502;0.00530845;EJ
CO2B_W;Southeast grid;LA;0.0297099;0.0401105;0.0268495;0.0160667;0.0163666;0.017456;0.0180661;0.0205936;0.0232451;0.0291812;0.0383388;EJ
CO2B_W;Southeast grid;MS;0.0445461;0.072092;0.0826829;0.0736043;0.0765457;0.0811115;0.0843884;0.0938654;0.104505;0.0774505;0.104782;EJ
CO2B_W;Southeast grid;MS;0.0345335;0.0735208;0.095415;0.137466;0.134398;0.136742;0.131585;0.132355;0.132636;0.140468;0.177712;EJ
CO2B_W;Southeast grid;MS;0.00107627;0.00266472;0.00103019;0.00230633;0.00229644;0.00240667;0.00233713;0.00242054;0.00257276;0.00293676;0.00375912;EJ
CO2B_W;Southeast grid;MS;0.00781637;0.0188931;0.0178005;0.0155661;0.0154542;0.0162126;0.0157313;0.0162713;0.0173348;0.0207384;0.0266543;EJ
CO2B_W;Southeast grid;NC;0.203508;0.320665;0.327776;0.309891;0.315801;0.335223;0.33989;0.383891;0.414822;0.44692;0.605051;EJ
CO2B_W;Southeast grid;NC;0.095457;0.141945;0.140287;0.129938;0.132698;0.14146;0.14193;0.149217;0.159564;0.183061;0.236517;EJ
CO2B_W;Southeast grid;NC;0.00078055;0.000521703;0.000863488;0.00188274;0.00186032;0.00194047;0.00188676;0.00195369;0.00204245;0.0023082;0.00296679;EJ
CO2B_W;Southeast grid;NC;0.00592896;0.00370982;0.00616464;0.0188287;0.0190803;0.0198203;0.0197369;0.0204112;0.0212216;0.0180316;0.0229133;EJ
CO2B_W;Southeast grid;SC;0.213211;0.288049;0.290368;0.288696;0.308818;0.322598;0.323867;0.335506;0.339095;0.360902;0.451206;EJ
CO2B_W;Southeast grid;SC;0.0459948;0.0827551;0.0896949;0.068049;0.0717834;0.0787788;0.0872324;0.102493;0.117735;0.144536;0.189987;EJ
CO2B_W;Southeast grid;SC;0.000447729;0.000887506;0.000643391;0.000946571;0.000988951;0.00107282;0.00116435;0.00131866;0.00146191;0.0017197;0.00224423;EJ
CO2B_W;Southeast grid;SC;0.0033023;0.00627273;0.00696763;0.00640852;0.0066629;0.00724736;0.0078961;0.00900857;0.0100373;0.0124063;0.0162157;EJ
CO2B_W;Southeast grid;TN;0.170223;0.249569;0.228426;0.232496;0.225714;0.235353;0.247809;0.302937;0.355967;0.419603;0.50103;EJ
CO2B_W;Southeast grid;TN;0.0961507;0.101064;0.0785075;0.0426628;0.0468179;0.0534179;0.058394;0.0678626;0.0799058;0.100153;0.131134;EJ
CO2B_W;Southeast grid;TN;0.000761449;0.000109701;0.000530092;0.000473985;0.000477609;0.000505368;0.00050401;0.000528372;0.000559225;0.000640835;0.000820981;EJ
CO2B_W;Southeast grid;TN;0.00574765;0.000903404;0.00212698;0.0035462;0.00357514;0.00376813;0.00376455;0.00393482;0.00414681;0.00456171;0.0058437;EJ
CO2B_W;Southeast grid;VA;0.134597;0.18478;0.173556;0.182681;0.165817;0.177391;0.197277;0.203024;0.200347;0.281706;0.405976;EJ
CO2B_W;Southeast grid;VA;0.0506531;0.0971276;0.0894639;0.11366;0.109363;0.114508;0.115427;0.122119;0.129092;0.149302;0.195398;EJ
CO2B_W;Southeast grid;VA;0.000488331;0.00131661;0.00308176;0.00173495;0.00180596;0.00192144;0.00197643;0.00213872;0.00231799;0.00272351;0.00349923;EJ
CO2B_W;Southeast grid;VA;0.00437166;0.0119263;0.0132716;0.0117105;0.0120753;0.0128874;0.0131569;0.0142392;0.0154245;0.018977;0.0244107;EJ
CO2B_W;Southeast grid;electricity;2.12698;3.10852;3.21433;3.14688;3.18875;3.37329;3.44981;3.75519;4.07919;4.74926;6.15983;EJ
CO2B_W;Southwest grid;AZ;0.17436;0.237379;0.270427;0.255546;0.272423;0.309474;0.374613;0.410661;0.45345;0.567815;0.626761;EJ
CO2B_W;Southwest grid;AZ;0.0530192;0.109863;0.12184;0.146162;0.137573;0.146543;0.158989;0.166436;0.17957;0.220082;0.279709;EJ
CO2B_W;Southwest grid;AZ;0.000855323;0.00269116;0.00259186;0.00278661;0.00285404;0.00316195;0.00352639;0.00378321;0.0042909;0.00542401;0.00686532;EJ
CO2B_W;Southwest grid;AZ;0.0063589;0.0181768;0.0160614;0.0229632;0.0236617;0.0258923;0.0286961;0.0305768;0.0341161;0.0376638;0.0473399;EJ
CO2B_W;Southwest grid;CO;0.0729045;0.107314;0.11352;0.127156;0.129614;0.140057;0.150923;0.162199;0.18642;0.218765;0.296758;EJ
CO2B_W;Southwest grid;CO;0.0494022;0.071986;0.0753711;0.0725134;0.0782435;0.0885719;0.110317;0.127608;0.149727;0.191926;0.240116;EJ
CO2B_W;Southwest grid;CO;0.00073582;0.00115798;0.00106914;0.00107437;0.00119375;0.00139709;0.00172089;0.0019069;0.00218615;0.00272333;0.00331345;EJ
CO2B_W;Southwest grid;CO;0.00517358;0.00831235;0.00897395;0.00419701;0.00453897;0.00561214;0.00726752;0.00826341;0.00991912;0.0169591;0.0210692;EJ
CO2B_W;Southwest grid;NM;0.0596975;0.0839926;0.0773336;0.0686605;0.0608285;0.0711674;0.087852;0.100734;0.119124;0.15501;0.213645;EJ
CO2B_W;Southwest grid;NM;0.0452085;0.049922;0.0548302;0.0543963;0.0532543;0.0592959;0.0681798;0.0749207;0.0851261;0.107655;0.13662;EJ
CO2B_W;Southwest grid;NM;0.00075982;0.000500493;0.000883551;0.000877973;0.000912394;0.00102157;0.00115773;0.00124763;0.00141601;0.00178259;0.00223474;EJ
CO2B_W;Southwest grid;NM;0.00552759;0.00417788;0.00650902;0.00643986;0.00687569;0.00789112;0.00920335;0.0100541;0.0115585;0.0153146;0.019086;EJ
CO2B_W;Southwest grid;WY;0.089663;0.119132;0.125786;0.146345;0.162565;0.182809;0.193645;0.200352;0.235134;0.309004;0.426181;EJ
CO2B_W;Southwest grid;WY;0.0606603;0.0559191;0.0562609;0.0408185;0.0593787;0.0750409;0.0863322;0.0899944;0.107649;0.137094;0.164556;EJ
CO2B_W;Southwest grid;WY;0.000802922;6.49991E-06;0.000123693;1.38996E-05;1.31161E-05;1.35571E-05;1.23534E-05;1.17189E-05;1.20537E-05;1.45501E-05;0.000017912;EJ
CO2B_W;Southwest grid;WY;0.00564789;0.000697196;0.00206694;0.000620486;0.000731398;0.000882354;0.00103805;0.00114184;0.00132299;0.00166271;0.00201116;EJ
CO2B_W;Southwest grid;electricity;0.630777;0.871228;0.933649;0.95057;0.994661;1.11883;1.28347;1.38989;1.58102;1.9889;2.48628;EJ
CO2B_W;Texas grid;TX;0.567865;0.873511;0.913215;1.0015;1.0344;1.13591;1.24343;1.34158;1.50455;1.92232;2.71334;EJ
CO2B_W;Texas grid;TX;0.298218;0.45873;0.479581;0.525945;0.543222;0.596533;0.652994;0.704539;0.790126;1.00952;1.42493;EJ
CO2B_W;Texas grid;TX;0.00451556;0.00694599;0.00726171;0.00796375;0.00822535;0.00903257;0.0098875;0.010668;0.0119639;0.0152859;0.021576;EJ
CO2B_W;Texas grid;TX;0.032512;0.0500112;0.0522843;0.057339;0.0592225;0.0650345;0.07119;0.0768094;0.0861402;0.110058;0.155347;EJ
CO2B_W;Texas grid;electricity;0.903111;1.3892;1.45234;1.59275;1.64507;1.80651;1.9775;2.13359;2.39278;3.05718;4.31519;EJ
Reference;Alaska grid;AK;0.0108474;0.0171245;0.0171345;0.0164115;0.0078415;0.00806453;0.0105959;0.0132343;0.0155535;0.0179286;0.0206594;EJ
Reference;Alaska grid;AK;0.00569657;0.00899306;0.00899831;0.00861863;0.00411802;0.00423514;0.00556451;0.00695006;0.00816803;0.00941533;0.0108494;EJ
Reference;Alaska grid;AK;8.62563E-05;0.000136171;0.00013625;0.000130501;6.23541E-05;6.41276E-05;8.42566E-05;0.000105236;0.000123679;0.000142565;0.00016428;EJ
Reference;Alaska grid;AK;0.000621045;0.000980431;0.000981003;0.00093961;0.000448949;0.000461719;0.000606647;0.000757701;0.000890485;0.00102647;0.00118281;EJ
Reference;Alaska grid;electricity;0.0172513;0.0272342;0.0272501;0.0261003;0.0124708;0.0128255;0.0168513;0.0210473;0.0247357;0.028513;0.0328559;EJ
Reference;California grid;CA;0.322906;0.433815;0.437179;0.43526;0.377923;0.395845;0.435908;0.480899;0.530954;0.608469;0.65186;EJ
Reference;California grid;CA;0.169576;0.227821;0.229587;0.22858;0.198469;0.20788;0.22892;0.252547;0.278834;0.319541;0.342329;EJ
Reference;California grid;CA;0.00256768;0.00344962;0.00347636;0.0034611;0.00300517;0.00314768;0.00346625;0.00382402;0.00422205;0.00483843;0.00518347;EJ
Reference;California grid;CA;0.0184873;0.0248372;0.0250298;0.0249199;0.0216372;0.0226633;0.024957;0.0275329;0.0303987;0.0348367;0.037321;EJ
Reference;California grid;electricity;0.513537;0.689923;0.695272;0.692221;0.601034;0.629536;0.693251;0.764803;0.844409;0.967685;1.03669;EJ
Reference;Central East grid;IN;0.228022;0.29706;0.286143;0.233337;0.268752;0.291046;0.335253;0.370002;0.413916;0.446328;0.465542;EJ
Reference;Central East grid;IN;0.136272;0.180175;0.172961;0.144314;0.163977;0.176009;0.197722;0.213065;0.23066;0.242719;0.248684;EJ
Reference;Central East grid;IN;0.00164567;0.00185997;0.00070919;0.00229013;0.0023281;0.00247611;0.00273784;0.00299134;0.00324962;0.00346394;0.00359675;EJ
Reference;Central East grid;IN;0.0137628;0.0100433;0.0176069;0.0169528;0.0173798;0.0181888;0.0197744;0.0211922;0.0225887;0.0218779;0.0228995;EJ
Reference;Central East grid;KY;0.170908;0.224373;0.23409;0.211492;0.198905;0.208246;0.229187;0.242641;0.268983;0.297213;0.337423;EJ
Reference;Central East grid;KY;0.096288;0.130042;0.135082;0.106732;0.114827;0.127966;0.151714;0.171465;0.196613;0.224735;0.257554;EJ
Reference;Central East grid;KY;0.00100014;0.000916386;0.00502413;0.00217572;0.00246788;0.00268266;0.00312329;0.00348007;0.00383689;0.00413482;0.00457567;EJ
Reference;Central East grid;KY;0.00734733;0.0201171;0.00991006;0.00683585;0.00810117;0.00935718;0.0116118;0.0138437;0.0161924;0.0197022;0.0218762;EJ
Reference;Central East grid;MI;0.241349;0.305198;0.28439;0.281104;0.300731;0.318408;0.350947;0.399403;0.440849;0.488265;0.540271;EJ
Reference;Central East grid;MI;0.0938353;0.111871;0.110506;0.125318;0.118135;0.11856;0.12339;0.13833;0.151402;0.160181;0.170053;EJ
Reference;Central East grid;MI;0.00350445;0.0068515;0.00145888;0.00176247;0.00194541;0.00210437;0.0024265;0.00269727;0.00297043;0.00319906;0.0035336;EJ
Reference;Central East grid;MI;0.0220257;0.036668;0.0301152;0.0189248;0.0198304;0.0211267;0.0237264;0.0260098;0.0283711;0.0297842;0.0321632;EJ
Reference;Central East grid;OH;0.302803;0.375633;0.351891;0.271903;0.288483;0.317009;0.364296;0.396053;0.421561;0.439313;0.462281;EJ
Reference;Central East grid;OH;0.157382;0.194036;0.17795;0.156912;0.154689;0.162883;0.178864;0.187056;0.194153;0.199209;0.209747;EJ
Reference;Central East grid;OH;0.00165937;0.00148538;0.00318295;0.00289479;0.00290934;0.00308731;0.00339902;0.00370994;0.00402818;0.00429233;0.00445196;EJ
Reference;Central East grid;OH;0.0126291;0.0126425;0.018136;0.0226134;0.0238794;0.0256336;0.0289284;0.0316839;0.0343752;0.038126;0.0402708;EJ
Reference;Central East grid;WV;0.169693;0.210752;0.188016;0.18202;0.190267;0.202632;0.229616;0.254801;0.273067;0.27676;0.278539;EJ
Reference;Central East grid;WV;0.100604;0.12593;0.10959;0.0863326;0.103315;0.116895;0.140929;0.163367;0.182105;0.196097;0.208418;EJ
Reference;Central East grid;WV;0.00103894;0.000122798;0.000316296;0.000258879;0.000266262;0.000283831;0.000315013;0.000344426;0.000374257;0.000399006;0.000414037;EJ
Reference;Central East grid;WV;0.00794475;0.0014286;0.00121028;0.00222342;0.00221164;0.00226058;0.00237097;0.00247634;0.0025801;0.00203154;0.00210873;EJ
Reference;Central East grid;electricity;1.76971;2.24721;2.13829;1.8764;1.9834;2.12686;2.40033;2.64461;2.89187;3.09783;3.3144;EJ
Reference;Central Northeast grid;IL;0.360721;0.522778;0.539101;0.524715;0.70563;0.748884;0.815016;0.890195;0.957427;1.03963;1.13383;EJ
Reference;Central Northeast grid;IL;0.123054;0.186783;0.200863;0.180994;0.221664;0.233623;0.244972;0.260799;0.277439;0.290494;0.326453;EJ
Reference;Central Northeast grid;IL;0.00195618;0.0026127;0.00202986;0.00232037;0.00301665;0.00320722;0.00345554;0.00373141;0.00400141;0.00419823;0.00458946;EJ
Reference;Central Northeast grid;IL;0.0164336;0.0184737;0.0182438;0.0205651;0.0243688;0.0253011;0.026492;0.027943;0.0293681;0.0264291;0.0285554;EJ
Reference;Central Northeast grid;MO;0.110565;0.179545;0.176803;0.164408;0.20963;0.228266;0.258092;0.290568;0.316184;0.299095;0.337423;EJ
Reference;Central Northeast grid;MO;0.104298;0.156664;0.158564;0.144498;0.208105;0.225785;0.251881;0.280643;0.308196;0.326105;0.354361;EJ
Reference;Central Northeast grid;MO;0.00152349;0.0014254;0.00186566;0.00120468;0.00167258;0.00181631;0.00200575;0.00223863;0.00248238;0.00267634;0.00308331;EJ
Reference;Central Northeast grid;MO;0.00962499;0.0100022;0.0143691;0.00749945;0.0109557;0.012009;0.0134158;0.0150979;0.0168486;0.0194107;0.0221272;EJ
Reference;Central Northeast grid;WI;0.099485;0.131991;0.134942;0.122782;0.149938;0.160217;0.157686;0.158979;0.175157;0.191724;0.222677;EJ
Reference;Central Northeast grid;WI;0.0723925;0.0946984;0.0874;0.100885;0.129628;0.137888;0.149506;0.162132;0.175195;0.187128;0.208765;EJ
Reference;Central Northeast grid;WI;0.00105899;0.0025962;0.00287024;0.00293106;0.00378102;0.00402059;0.00432574;0.00468333;0.00503654;0.00529529;0.00579706;EJ
Reference;Central Northeast grid;WI;0.00661973;0.0192911;0.0161007;0.0184194;0.0256614;0.0278076;0.0305589;0.0336633;0.0367295;0.0417832;0.0463001;EJ
Reference;Central Northeast grid;electricity;0.907732;1.32686;1.35315;1.29122;1.69405;1.80882;1.95741;2.13067;2.30406;2.43397;2.69396;EJ
Reference;Central Northwest grid;IA;0.0685927;0.10196;0.127008;0.124799;0.129869;0.1413;0.163861;0.184343;0.20383;0.205644;0.21825;EJ
Reference;Central Northwest grid;IA;0.0444723;0.0604826;0.079813;0.0688615;0.071888;0.0776197;0.0874889;0.0981314;0.107514;0.107924;0.112853;EJ
Reference;Central Northwest grid;IA;0.000700548;0.00117512;0.00106915;0.000759456;0.000797525;0.000873881;0.000999751;0.00109291;0.00121943;0.00133863;0.00139239;EJ
Reference;Central Northwest grid;IA;0.00461936;0.00783381;0.00878183;0.010677;0.0107245;0.0111079;0.0117605;0.012205;0.0128165;0.00663456;0.00712942;EJ
Reference;Central Northwest grid;MN;0.108172;0.130744;0.12791;0.12892;0.132142;0.14384;0.160972;0.14625;0.168792;0.200242;0.222521;EJ
Reference;Central Northwest grid;MN;0.0490476;0.0598591;0.0577772;0.0698879;0.0684042;0.070653;0.0712249;0.0604679;0.0661343;0.0739249;0.0822488;EJ
Reference;Central Northwest grid;MN;0.000791455;0.00144463;0.0021224;0.00218927;0.00226232;0.00242069;0.00269122;0.00284963;0.0030792;0.00329548;0.00338477;EJ
Reference;Central Northwest grid;MN;0.00662108;0.0114932;0.0125736;0.00800428;0.00783585;0.008109;0.00973348;0.0107828;0.0122448;0.0160222;0.017493;EJ
Reference;Central Northwest grid;ND;0.0617405;0.0755087;0.0800012;0.0875451;0.0919614;0.0978084;0.11367;0.139326;0.150506;0.159262;0.160912;EJ
Reference;Central Northwest grid;ND;0.0460597;0.0538462;0.0560418;0.0582525;0.0638664;0.0706039;0.0835672;0.0960085;0.106773;0.119958;0.124454;EJ
Reference;Central Northwest grid;ND;0.000553538;0;7.74962E-05;0.000323681;0.000327941;0.000353753;0.000398376;0.000436657;0.00049475;0.00056055;0.00061902;EJ
Reference;Central Northwest grid;ND;0.00373744;0.000272704;0.00230238;0.00394494;0.00394831;0.00407092;0.00429283;0.004458;0.00470661;0.00280813;0.0030541;EJ
Reference;Central Northwest grid;NE;0.0595541;0.0831658;0.0967211;0.103563;0.110826;0.124542;0.14118;0.159859;0.181043;0.219096;0.235931;EJ
Reference;Central Northwest grid;NE;0.0221591;0.0357435;0.0412003;0.0438783;0.0488975;0.0566578;0.071363;0.0860209;0.0993698;0.119698;0.130271;EJ
Reference;Central Northwest grid;NE;0.000409528;0.000442809;0.000287686;0.000189889;0.000214411;0.000244254;0.000296476;0.000341537;0.000408136;0.000483002;0.000564425;EJ
Reference;Central Northwest grid;NE;0.00265733;0.00260784;0.00150239;0.0024997;0.00347933;0.00460338;0.00566085;0.00648426;0.00770239;0.0130091;0.0134408;EJ
Reference;Central Northwest grid;SD;0.0194122;0.0186498;0.0296035;0.0270258;0.0302347;0.0307559;0.03211;0.0343364;0.0352576;0.0315817;0.0316092;EJ
Reference;Central Northwest grid;SD;0.00498383;0.00539754;0.00739299;0.0069165;0.00691347;0.00712888;0.00764319;0.00813557;0.00852422;0.00693068;0.00665121;EJ
Reference;Central Northwest grid;SD;6.94048E-05;0.000197904;0.000110995;0.000289783;0.000334203;0.000387447;0.000479039;0.000560175;0.000678283;0.000809619;0.000951288;EJ
Reference;Central Northwest grid;SD;0.000541006;0.00126782;0.00124739;0.00188912;0.00235411;0.00292503;0.00357935;0.00409248;0.00486418;0.00823449;0.00864825;EJ
Reference;Central Northwest grid;electricity;0.504895;0.652093;0.733544;0.750417;0.787281;0.856005;0.972972;1.05618;1.17596;1.29746;1.38238;EJ
Reference;Central Southwest grid;KS;0.105472;0.150733;0.16475;0.15516;0.147309;0.156796;0.177149;0.195009;0.211889;0.220057;0.230932;EJ
Reference;Central Southwest grid;KS;0.0293783;0.0302056;0.0279105;0.0189608;0.0174497;0.0185793;0.0210499;0.0233821;0.0256499;0.0194911;0.0208242;EJ
Reference;Central Southwest grid;KS;0.000277254;0.000119914;0.000206594;0.000126393;0.000110055;0.000119567;0.00013979;0.000157679;0.000175115;0.000188083;0.000198968;EJ
Reference;Central Southwest grid;KS;0.00323147;0.00523555;0.00167453;0.00699024;0.00612923;0.00654773;0.00741394;0.00813611;0.00884757;0.0079368;0.00842789;EJ
Reference;Central Southwest grid;OK;0.085084;0.128715;0.134922;0.138455;0.106102;0.111787;0.126339;0.139578;0.153628;0.170583;0.181529;EJ
Reference;Central Southwest grid;OK;0.0706932;0.116549;0.129464;0.135233;0.115631;0.122469;0.138329;0.152328;0.166304;0.185656;0.195783;EJ
Reference;Central Southwest grid;OK;0.00123801;0.00210221;0.00217634;0.00220838;0.00190502;0.00201615;0.00227349;0.00250289;0.00273141;0.00291822;0.00308085;EJ
Reference;Central Southwest grid;OK;0.00767841;0.0107637;0.0154826;0.00982013;0.00837931;0.00882946;0.00996166;0.01102;0.0120794;0.0144286;0.0151868;EJ
Reference;Central Southwest grid;electricity;0.303052;0.444424;0.476587;0.466955;0.403015;0.427144;0.482656;0.532113;0.581304;0.62126;0.655963;EJ
Reference;Florida grid;FL;0.291153;0.489432;0.51457;0.534768;0.527862;0.544369;0.584445;0.63174;0.677144;0.711967;0.739589;EJ
Reference;Florida grid;FL;0.152901;0.257028;0.27023;0.280837;0.27721;0.285879;0.306925;0.331762;0.355607;0.373894;0.3884;EJ
Reference;Florida grid;FL;0.00231519;0.00389187;0.00409176;0.00425237;0.00419746;0.00432871;0.0046474;0.00502347;0.00538452;0.00566142;0.00588107;EJ
Reference;Florida grid;FL;0.0166694;0.0280214;0.0294607;0.0306171;0.0302217;0.0311667;0.0334613;0.036169;0.0387685;0.0407622;0.0423437;EJ
Reference;Florida grid;electricity;0.463038;0.778373;0.818352;0.850474;0.839492;0.865743;0.929479;1.00469;1.0769;1.13228;1.17621;EJ
Reference;Hawaii grid;HI;0.0228011;0.0244049;0.0240449;0.0226419;0.0241671;0.0236547;0.0218035;0.0204259;0.019833;0.0206244;0.0224083;EJ
Reference;Hawaii grid;HI;0.0119741;0.0128164;0.0126273;0.0118905;0.0126915;0.0124224;0.0114503;0.0107268;0.0104154;0.010831;0.0117678;EJ
Reference;Hawaii grid;HI;0.00018131;0.000194063;0.0001912;0.000180044;0.000192172;0.000188097;0.000173377;0.000162422;0.000157708;0.000164001;0.000178186;EJ
Reference;Hawaii grid;HI;0.00130543;0.00139726;0.00137664;0.00129632;0.00138364;0.0013543;0.00124832;0.00116944;0.0011355;0.00118081;0.00128294;EJ
Reference;Hawaii grid;electricity;0.036262;0.0388127;0.03824;0.0360088;0.0384344;0.0376195;0.0346754;0.0324845;0.0315416;0.0328002;0.0356372;EJ
Reference;Mid-Atlantic grid;DC;0;0;0;5.90985E-05;3.80298E-05;6.22505E-05;0.000123263;0.000208683;0.000320632;0.000432984;0.000559019;EJ
Reference;Mid-Atlantic grid;DC;0.00152164;0.000935204;0;5.90985E-05;0.000127052;0.00019048;0.00028664;0.000393315;0.000519098;0.00065547;0.00084144;EJ
Reference;Mid-Atlantic grid;DC;0;0;0.000489698;0;0;0;0;0;0;0;0;EJ
Reference;Mid-Atlantic grid;DC;0.00038041;0.000233802;0.000489697;0;0;0;0;0;0;0;0;EJ
Reference;Mid-Atlantic grid;DE;0.00997114;0.00994564;0.00760194;0.00537546;0.00378505;0.00371025;0.0041044;0.00459159;0.00530261;0.00601102;0.00674247;EJ
Reference;Mid-Atlantic grid;DE;0.0175378;0.0156738;0.0129634;0.0172376;0.0164121;0.0163476;0.0169105;0.0173781;0.0178969;0.0184642;0.0193831;EJ
Reference;Mid-Atlantic grid;DE;0.000312313;0.000340109;0.000282899;0.00034999;0.000367352;0.000394621;0.000452067;0.000514767;0.000582654;0.000644439;0.000720271;EJ
Reference;Mid-Atlantic grid;DE;0.00316888;0.00259002;0.00219539;0.00255563;0.00267728;0.00287491;0.00329277;0.00375088;0.00424573;0.00472903;0.00523956;EJ
Reference;Mid-Atlantic grid;MD;0.0558954;0.116956;0.107399;0.102507;0.104006;0.111185;0.1265;0.121964;0.12309;0.149577;0.177968;EJ
Reference;Mid-Atlantic grid;MD;0.0579655;0.0731097;0.0545349;0.0358973;0.0437011;0.0509572;0.0642838;0.0775767;0.0914567;0.104057;0.114046;EJ
Reference;Mid-Atlantic grid;MD;0.000823634;0.000546915;0.000958195;0.000307791;0.000325383;0.000351137;0.000405152;0.00046387;0.000526995;0.000584117;0.000653442;EJ
Reference;Mid-Atlantic grid;MD;0.00738569;0.00621175;0.00340068;0.00257963;0.00272518;0.00291932;0.00332094;0.00375725;0.00422484;0.00435604;0.00481812;EJ
Reference;Mid-Atlantic grid;NJ;0.105027;0.142282;0.151325;0.152713;0.162924;0.169602;0.185116;0.200085;0.211765;0.222986;0.236788;EJ
Reference;Mid-Atlantic grid;NJ;0.0319772;0.0598384;0.0737044;0.104954;0.100195;0.0991473;0.101116;0.10218;0.103233;0.104693;0.108372;EJ
Reference;Mid-Atlantic grid;NJ;0.00139986;0.00329699;0.00166249;0.00217064;0.00226936;0.0024295;0.00275553;0.00308766;0.00342352;0.00371538;0.00401839;EJ
Reference;Mid-Atlantic grid;NJ;0.00948074;0.0198804;0.0175443;0.0167918;0.0175076;0.0186601;0.0210069;0.0233933;0.0257979;0.0269065;0.0289619;EJ
Reference;Mid-Atlantic grid;PA;0.427586;0.524582;0.538557;0.517234;0.524236;0.554692;0.617557;0.700117;0.77841;0.817802;0.852332;EJ
Reference;Mid-Atlantic grid;PA;0.205294;0.267294;0.281487;0.250365;0.257059;0.274096;0.307585;0.341791;0.374486;0.400642;0.426612;EJ
Reference;Mid-Atlantic grid;PA;0.00222319;0.00212786;0.00300699;0.0033572;0.00335951;0.0034983;0.00380947;0.00409995;0.00436401;0.00457286;0.0047416;EJ
Reference;Mid-Atlantic grid;PA;0.0138491;0.0165295;0.0224519;0.0226094;0.0226055;0.0235953;0.0258193;0.0278956;0.0297912;0.0325293;0.033943;EJ
Reference;Mid-Atlantic grid;electricity;0.951799;1.26237;1.28005;1.23712;1.26432;1.33471;1.48444;1.63325;1.77944;1.90336;2.02674;EJ
Reference;New England grid;CT;0.0934867;0.0848491;0.0856725;0.0896919;0.084351;0.0888179;0.095753;0.103332;0.103116;0.103878;0.104717;EJ
Reference;New England grid;CT;0.0328379;0.0302216;0.0293127;0.0371986;0.0333857;0.0352653;0.0384393;0.0402704;0.0424444;0.0446222;0.0459114;EJ
Reference;New England grid;CT;0.000590806;0.000408253;0.000455598;0.000597799;0.000535776;0.000581582;0.000652326;0.000699757;0.000754724;0.000809757;0.000847169;EJ
Reference;New England grid;CT;0.00383289;0.0033494;0.00327909;0.00361498;0.00315733;0.00347151;0.0039659;0.00429748;0.00468283;0.00574657;0.00601458;EJ
Reference;New England grid;MA;0.0641502;0.0873027;0.075609;0.0589622;0.0442802;0.048187;0.0550323;0.0468377;0.0543535;0.0638605;0.0822474;EJ
Reference;New England grid;MA;0.0702771;0.0691759;0.0650357;0.0496495;0.0440013;0.0470737;0.0520306;0.0550422;0.0584885;0.0618635;0.0638729;EJ
Reference;New England grid;MA;0.00100141;0.000994929;0.0010135;0.000782598;0.000708173;0.000778065;0.000882847;0.000953724;0.00103574;0.00111843;0.00117484;EJ
Reference;New England grid;MA;0.00777749;0.00767851;0.00730037;0.00674276;0.00619387;0.00669936;0.00745257;0.00796063;0.00854659;0.00810077;0.00849157;EJ
Reference;New England grid;ME;0.0323918;0.0275363;0.0228725;0.0247983;0.0218651;0.0230056;0.0248526;0.0275219;0.0296829;0.0284752;0.0354997;EJ
Reference;New England grid;ME;0.00917269;0.0212265;0.0169001;0.00902977;0.00790737;0.00911142;0.0107848;0.0122317;0.0139332;0.0156684;0.0171869;EJ
Reference;New England grid;ME;0.000148902;0.000323342;0.000222799;8.92998E-05;7.79287E-05;8.14762E-05;8.76613E-05;9.16066E-05;9.63884E-05;0.000101177;0.000104362;EJ
Reference;New England grid;ME;0.000870521;0.0020466;0.00160389;0.000527597;0.000452828;0.000478857;0.000524008;0.00055308;0.000588586;0.000716708;0.000741612;EJ
Reference;New England grid;NH;0.0331293;0.0642323;0.0639579;0.0553214;0.0552976;0.0643471;0.0764512;0.0925299;0.104706;0.118111;0.104525;EJ
Reference;New England grid;NH;0.0110844;0.020597;0.0160592;0.0160177;0.0143868;0.016093;0.0186027;0.0204811;0.02263;0.0248302;0.0265311;EJ
Reference;New England grid;NH;0.000167202;0.000303139;0.000212899;0.0002134;0.000188062;0.0001994;0.000218167;0.000230375;0.000244661;0.000258818;0.00026807;EJ
Reference;New England grid;NH;0.000970623;0.0020936;0.00153229;0.00126049;0.00108778;0.00116983;0.00130637;0.00139577;0.00150102;0.00184544;0.00191796;EJ
Reference;New England grid;RI;0.000228304;0.00662524;0.00615821;0.00814359;0.00578508;0.00561313;0.00623396;0.00686043;0.00714129;0.00763295;0.00899358;EJ
Reference;New England grid;RI;0.00332547;0.010784;0.0177999;0.014963;0.013462;0.0140209;0.0149869;0.0154445;0.0160172;0.016604;0.0168873;EJ
Reference;New England grid;RI;1.48002E-05;0.000283337;0.000304399;0.000249499;0.000222536;0.000239951;0.000267369;0.000285621;0.000306764;0.00032784;0.000341972;EJ
Reference;New England grid;RI;0.000373809;0.0014827;0.00219059;0.00154189;0.00134888;0.00147174;0.00166734;0.00179783;0.00194941;0.00234069;0.00244457;EJ
Reference;New England grid;VT;0.0184985;0.0203442;0.0235901;0.00613377;0.0063046;0.00652558;0.00683389;0.00728002;0.00764603;0.00704198;0.00815588;EJ
Reference;New England grid;VT;0.000329807;0.000757804;0.000812402;0.000781389;0.00127982;0.00263331;0.00440446;0.0058646;0.00752391;0.00918768;0.010337;EJ
Reference;New England grid;VT;3.00003E-07;1.00013E-07;2.99999E-07;9.99998E-08;9.25159E-08;9.86058E-08;1.06178E-07;1.07627E-07;1.09453E-07;1.12084E-07;1.12675E-07;EJ
Reference;New England grid;VT;2.33006E-05;0.0000035;2.09999E-06;0.000227699;0.0002338;0.000248826;0.00026483;0.000275782;0.000287952;8.60056E-05;9.26901E-05;EJ
Reference;New England grid;electricity;0.384684;0.46262;0.441898;0.386539;0.346514;0.376115;0.421695;0.452238;0.487678;0.523227;0.547305;EJ
Reference;New York grid;NY;0.303311;0.353485;0.327878;0.330518;0.334075;0.35752;0.380524;0.399752;0.421617;0.455097;0.493028;EJ
Reference;New York grid;NY;0.159286;0.185635;0.172187;0.173574;0.175442;0.187754;0.199835;0.209933;0.221415;0.238997;0.258917;EJ
Reference;New York grid;NY;0.00241187;0.00281084;0.00260722;0.00262822;0.0026565;0.00284293;0.00302585;0.00317875;0.00335262;0.00361884;0.00392047;EJ
Reference;New York grid;NY;0.0173655;0.0202381;0.018772;0.0189232;0.0191268;0.0204691;0.0217861;0.022887;0.0241388;0.0260557;0.0282274;EJ
Reference;New York grid;electricity;0.482375;0.562168;0.521444;0.525644;0.5313;0.568587;0.605171;0.635751;0.670523;0.723769;0.784093;EJ
Reference;Northwest grid;ID;0.0234667;0.031583;0.0363954;0.0435104;0.049431;0.0530862;0.0584744;0.0629824;0.0676945;0.0686114;0.0740913;EJ
Reference;Northwest grid;ID;0.00776809;0.00380812;0.0039743;0.0103529;0.00936838;0.00949527;0.00927159;0.00893425;0.0085629;0.00815361;0.00830126;EJ
Reference;Northwest grid;ID;0;0.000171104;0.000102998;0.000280592;0.000283575;0.000295503;0.000307973;0.000312639;0.000315094;0.00031686;0.000303952;EJ
Reference;Northwest grid;ID;7.26009E-05;0.00126091;0.00102149;0.00186757;0.00218294;0.00240739;0.00265503;0.0028171;0.002962;0.00304421;0.00298617;EJ
Reference;Northwest grid;MT;0.0492112;0.0610983;0.0592293;0.0616754;0.0725711;0.0995561;0.137672;0.170494;0.205248;0.262246;0.299577;EJ
Reference;Northwest grid;MT;0.0413286;0.0487889;0.0538243;0.051865;0.0595326;0.0752199;0.0911743;0.106002;0.121731;0.135269;0.148614;EJ
Reference;Northwest grid;MT;0.000871985;3.10008E-06;0.00129448;6.70981E-05;0.000063453;6.34108E-05;6.24107E-05;0.000060317;0.000057912;5.56286E-05;5.04722E-05;EJ
Reference;Northwest grid;MT;0.00617948;0.000594006;0.00138349;0.000523392;0.000587867;0.000626568;0.000659386;0.000676523;0.000691602;0.000597695;0.00055706;EJ
Reference;Northwest grid;NV;0.0286587;0.0370162;0.0367784;0.0405426;0.0408191;0.0443833;0.052302;0.0580951;0.0639429;0.0745942;0.0812794;EJ
Reference;Northwest grid;NV;0.0395712;0.0933075;0.0743907;0.0815273;0.0808086;0.0807333;0.0853951;0.0889101;0.0924524;0.0948264;0.10342;EJ
Reference;Northwest grid;NV;0.00112038;0.00224686;0.00150888;0.00218604;0.00291585;0.00347692;0.00427162;0.00496908;0.00570582;0.00643349;0.00732103;EJ
Reference;Northwest grid;NV;0.0082607;0.0158742;0.0155625;0.020068;0.0240773;0.027458;0.0323074;0.036563;0.0410793;0.0434964;0.0488641;EJ
Reference;Northwest grid;OR;0.131456;0.121993;0.138254;0.150169;0.171119;0.179944;0.192884;0.203568;0.21452;0.211869;0.223575;EJ
Reference;Northwest grid;OR;0.0399179;0.0372655;0.0447721;0.0472037;0.0419518;0.0408118;0.0409918;0.0404458;0.0397965;0.0388664;0.0401889;EJ
Reference;Northwest grid;OR;0.000155597;0.00131693;0.000916285;0.00118287;0.00119323;0.00124225;0.00129329;0.00131184;0.00132117;0.00132769;0.00127307;EJ
Reference;Northwest grid;OR;0.00117061;0.0092955;0.00827935;0.00667399;0.00716523;0.00773166;0.00838731;0.00877336;0.00909878;0.0100683;0.0100859;EJ
Reference;Northwest grid;UT;0.0432116;0.0529226;0.0448622;0.0377884;0.040648;0.0549109;0.0735222;0.0866848;0.100091;0.127947;0.142437;EJ
Reference;Northwest grid;UT;0.0618667;0.0926074;0.10529;0.10979;0.167055;0.20901;0.253157;0.289027;0.325669;0.365406;0.396246;EJ
Reference;Northwest grid;UT;0.00166157;0.000187505;0.000501492;0.000584484;0.00072739;0.000842561;0.00100327;0.00113848;0.00127668;0.00141058;0.00155647;EJ
Reference;Northwest grid;UT;0.0118043;0.00143612;0.00392618;0.00379574;0.00498137;0.00595388;0.00731918;0.0084767;0.00966458;0.0117883;0.0130355;EJ
Reference;Northwest grid;WA;0.255891;0.3133;0.317584;0.337313;0.401474;0.437407;0.481166;0.51794;0.555189;0.566433;0.601286;EJ
Reference;Northwest grid;WA;0.0888756;0.0487237;0.0502274;0.0516402;0.0488379;0.0412422;0.0430771;0.0442288;0.0454876;0.0463273;0.0501317;EJ
Reference;Northwest grid;WA;0.000419993;0.000988025;0.000710188;0.00103457;0.000987589;0.00099177;0.000981599;0.000952752;0.000918662;0.000886143;0.000804425;EJ
Reference;Northwest grid;WA;0.00296484;0.00691667;0.00607406;0.00548801;0.00543716;0.00559183;0.00569685;0.0056581;0.0055901;0.00610395;0.00589917;EJ
Reference;Northwest grid;electricity;0.845905;0.982705;1.00686;1.06713;1.23422;1.38248;1.58403;1.74902;1.91907;2.08608;2.26189;EJ
Reference;Southeast grid;AL;0.173578;0.314997;0.330269;0.340043;0.341391;0.359348;0.387611;0.390674;0.382526;0.407706;0.468512;EJ
Reference;Southeast grid;AL;0.10761;0.168258;0.19258;0.181914;0.185612;0.197923;0.22346;0.246911;0.268944;0.286544;0.306683;EJ
Reference;Southeast grid;AL;0.000889357;0.00205071;0.00128778;0.00277001;0.00290674;0.00314825;0.00361023;0.00405294;0.00450983;0.00490778;0.00536446;EJ
Reference;Southeast grid;AL;0.0066026;0.013767;0.0215895;0.0186959;0.0195308;0.0212377;0.0245453;0.0277283;0.0310148;0.0355325;0.0387086;EJ
Reference;Southeast grid;AR;0.0898256;0.110005;0.136506;0.139617;0.157752;0.169602;0.192773;0.204873;0.223079;0.265033;0.293074;EJ
Reference;Southeast grid;AR;0.0465696;0.0557703;0.0761995;0.0553407;0.0600781;0.064748;0.0727315;0.0800042;0.0872845;0.0936327;0.0994931;EJ
Reference;Southeast grid;AR;0.000762749;0.000960406;0.000444694;0.000763876;0.000745914;0.000768904;0.000819958;0.000861291;0.000896354;0.000919973;0.000932691;EJ
Reference;Southeast grid;AR;0.00538363;0.00653073;0.00740343;0.00516045;0.00503972;0.00520274;0.00556447;0.00585517;0.00610073;0.00650856;0.00664438;EJ
Reference;Southeast grid;GA;0.219304;0.302712;0.304491;0.270693;0.279189;0.293727;0.323082;0.361682;0.400018;0.421236;0.403965;EJ
Reference;Southeast grid;GA;0.127143;0.168946;0.17344;0.163337;0.166208;0.174767;0.191104;0.205816;0.220326;0.23181;0.242687;EJ
Reference;Southeast grid;GA;0.00102127;0.00143971;0.000891887;0.00247552;0.00243862;0.00253147;0.00273367;0.00291077;0.00307952;0.00321161;0.00335325;EJ
Reference;Southeast grid;GA;0.00770807;0.00979324;0.0135423;0.0173048;0.0170273;0.0176692;0.0190804;0.020305;0.0214706;0.0227273;0.0238166;EJ
Reference;Southeast grid;LA;0.0886236;0.111731;0.14706;0.141002;0.133865;0.146258;0.172318;0.211058;0.259289;0.273786;0.279341;EJ
Reference;Southeast grid;LA;0.098241;0.137084;0.125824;0.146771;0.145918;0.151227;0.163797;0.17521;0.186621;0.196079;0.205596;EJ
Reference;Southeast grid;LA;0.00440718;0.00559153;0.0072984;0.00238043;0.00243294;0.00259106;0.00290402;0.00320794;0.00352591;0.00380314;0.00413212;EJ
Reference;Southeast grid;LA;0.0297099;0.0401105;0.0268495;0.0160667;0.0163791;0.0174991;0.0197396;0.0219217;0.0242047;0.0274576;0.0297699;EJ
Reference;Southeast grid;MS;0.0445461;0.072092;0.0826829;0.0736043;0.076527;0.0810518;0.0910078;0.105676;0.123835;0.0966784;0.109071;EJ
Reference;Southeast grid;MS;0.0345335;0.0735208;0.095415;0.137466;0.134368;0.136651;0.143237;0.147792;0.151773;0.154749;0.15846;EJ
Reference;Southeast grid;MS;0.00107627;0.00266472;0.00103019;0.00230633;0.00229305;0.00239418;0.00260056;0.00276449;0.00290221;0.00299878;0.0030529;EJ
Reference;Southeast grid;MS;0.00781637;0.0188931;0.0178005;0.0155661;0.0154411;0.0161487;0.0176061;0.0187584;0.0197241;0.0212139;0.0217281;EJ
Reference;Southeast grid;NC;0.203508;0.320665;0.327776;0.309891;0.315729;0.335023;0.374249;0.426307;0.452427;0.432607;0.439993;EJ
Reference;Southeast grid;NC;0.095457;0.141945;0.140287;0.129938;0.132662;0.141364;0.156817;0.170379;0.182879;0.192441;0.201438;EJ
Reference;Southeast grid;NC;0.00078055;0.000521703;0.000863488;0.00188274;0.00185733;0.00192851;0.00207813;0.00219433;0.00229043;0.00235576;0.0023922;EJ
Reference;Southeast grid;NC;0.00592896;0.00370982;0.00616464;0.0188287;0.0190658;0.0197506;0.0210261;0.0220337;0.0228925;0.0180822;0.0182838;EJ
Reference;Southeast grid;SC;0.213211;0.288049;0.290368;0.288696;0.308736;0.322352;0.346401;0.371939;0.400847;0.434084;0.456914;EJ
Reference;Southeast grid;SC;0.0459948;0.0827551;0.0896949;0.068049;0.0717635;0.0787288;0.0920897;0.10532;0.118533;0.129483;0.139576;EJ
Reference;Southeast grid;SC;0.000447729;0.000887506;0.000643391;0.000946571;0.000986895;0.00106448;0.00121411;0.00135758;0.00150586;0.00163493;0.00178441;EJ
Reference;Southeast grid;SC;0.0033023;0.00627273;0.00696763;0.00640852;0.00665483;0.00720443;0.00827732;0.00931008;0.0103781;0.0118377;0.0128792;EJ
Reference;Southeast grid;TN;0.170223;0.249569;0.228426;0.232496;0.225675;0.235207;0.259468;0.28708;0.322389;0.348861;0.352197;EJ
Reference;Southeast grid;TN;0.0961507;0.101064;0.0785075;0.0426628;0.0468;0.0533579;0.0646913;0.0740208;0.0836782;0.0926711;0.100235;EJ
Reference;Southeast grid;TN;0.000761449;0.000109701;0.000530092;0.000473985;0.000476733;0.000501656;0.00055018;0.000588867;0.000621902;0.000645967;0.000660226;EJ
Reference;Southeast grid;TN;0.00574765;0.000903404;0.00212698;0.0035462;0.00357164;0.00374917;0.00409349;0.00436724;0.0046006;0.00460152;0.00471045;EJ
Reference;Southeast grid;VA;0.134597;0.18478;0.173556;0.182681;0.165774;0.178111;0.202521;0.193982;0.185696;0.230956;0.268014;EJ
Reference;Southeast grid;VA;0.0506531;0.0971276;0.0894639;0.11366;0.109338;0.114923;0.125892;0.135414;0.144197;0.151293;0.15863;EJ
Reference;Southeast grid;VA;0.000488331;0.00131661;0.00308176;0.00173495;0.00180227;0.00193473;0.00217136;0.00236492;0.00253629;0.00266935;0.00274838;EJ
Reference;Southeast grid;VA;0.00437166;0.0119263;0.0132716;0.0117105;0.0120612;0.0129538;0.0145792;0.0159029;0.0170658;0.0186994;0.0192876;EJ
Reference;Southeast grid;electricity;2.12698;3.10852;3.21433;3.14688;3.1881;3.37265;3.73644;4.06063;4.37366;4.62946;4.88413;EJ
Reference;Southwest grid;AZ;0.17436;0.237379;0.270427;0.255546;0.274305;0.312861;0.369391;0.412297;0.454108;0.510968;0.480076;EJ
Reference;Southwest grid;AZ;0.0530192;0.109863;0.12184;0.146162;0.137882;0.147031;0.163424;0.174656;0.184986;0.194035;0.204866;EJ
Reference;Southwest grid;AZ;0.000855323;0.00269116;0.00259186;0.00278661;0.00286083;0.00317221;0.00367071;0.00407478;0.00446427;0.00480308;0.00500695;EJ
Reference;Southwest grid;AZ;0.0063589;0.0181768;0.0160614;0.0229632;0.0237037;0.0259542;0.0294821;0.0323719;0.0351652;0.0326684;0.0341439;EJ
Reference;Southwest grid;CO;0.0729045;0.107314;0.11352;0.127156;0.129691;0.140098;0.157083;0.177177;0.19632;0.194986;0.225627;EJ
Reference;Southwest grid;CO;0.0494022;0.071986;0.0753711;0.0725134;0.0784399;0.0888801;0.10695;0.124494;0.141844;0.157041;0.16778;EJ
Reference;Southwest grid;CO;0.00073582;0.00115798;0.00106914;0.00107437;0.00119591;0.00140029;0.00172447;0.00200149;0.00227129;0.00250567;0.00266539;EJ
Reference;Southwest grid;CO;0.00517358;0.00831235;0.00897395;0.00419701;0.00455526;0.00563686;0.0075722;0.009206;0.0107939;0.0167539;0.0177749;EJ
Reference;Southwest grid;NM;0.0596975;0.0839926;0.0773336;0.0686605;0.0602177;0.0699528;0.0869849;0.100568;0.113607;0.122615;0.137964;EJ
Reference;Southwest grid;NM;0.0452085;0.049922;0.0548302;0.0543963;0.0532264;0.0591989;0.0692523;0.0772518;0.0849914;0.0913326;0.0941544;EJ
Reference;Southwest grid;NM;0.00075982;0.000500493;0.000883551;0.000877973;0.000914277;0.00102399;0.00119694;0.00133752;0.00147247;0.00158935;0.00165709;EJ
Reference;Southwest grid;NM;0.00552759;0.00417788;0.00650902;0.00643986;0.00689295;0.00791535;0.00944798;0.0107085;0.0119243;0.0134563;0.0140495;EJ
Reference;Southwest grid;WY;0.089663;0.119132;0.125786;0.146345;0.162579;0.182595;0.217337;0.244115;0.270017;0.292265;0.331317;EJ
Reference;Southwest grid;WY;0.0606603;0.0559191;0.0562609;0.0408185;0.0596161;0.0753913;0.0966715;0.114177;0.131218;0.146206;0.150251;EJ
Reference;Southwest grid;WY;0.000802922;6.49991E-06;0.000123693;1.38996E-05;1.31249E-05;1.35711E-05;1.42028E-05;1.44386E-05;0.000014542;1.45563E-05;1.38162E-05;EJ
Reference;Southwest grid;WY;0.00564789;0.000697196;0.00206694;0.000620486;0.000733946;0.000885933;0.00106322;0.00119687;0.00131906;0.00129253;0.00130313;EJ
Reference;Southwest grid;electricity;0.630777;0.871228;0.933649;0.95057;0.996828;1.12201;1.32126;1.48565;1.64452;1.78253;1.86865;EJ
Reference;Texas grid;TX;0.567865;0.873511;0.913215;1.0015;1.03372;1.13491;1.2902;1.42739;1.56319;1.67933;1.79443;EJ
Reference;Texas grid;TX;0.298218;0.45873;0.479581;0.525945;0.542867;0.596005;0.677557;0.749606;0.820918;0.881913;0.942359;EJ
Reference;Texas grid;TX;0.00451556;0.00694599;0.00726171;0.00796375;0.00821997;0.00902457;0.0102594;0.0113504;0.0124302;0.0133537;0.014269;EJ
Reference;Texas grid;TX;0.032512;0.0500112;0.0522843;0.057339;0.0591838;0.0649769;0.0738678;0.0817226;0.0894972;0.0961469;0.102737;EJ
Reference;Texas grid;electricity;0.903111;1.3892;1.45234;1.59275;1.64399;1.80491;2.05188;2.27007;2.48603;2.67075;2.8538;EJ
